Date,Hours,A_mean_in_T,A_mean_out_T,W_mean_in_T,W_mean_out_T,A_Delta_T,W_Delta_T,Mean_A_PS_LM,Mean_W_PS_LM,Time_stamp,Air_hp_kWh,Water_hp_kWh,Delta_A_EC_kWh,Delta_W_EC_kWh,A_Heat_kW,W_Heat_kW,COP_A,COP_W
2025-08-17,15,13.7,10.3,12.2,9.2,3.3999999999999986,3,9,8,2025-08-17T06:00:00Z,1573.54,440.52,1.509999999999991,0.5399999999999636,2,1.57,1.32,2.91
2025-08-17,16,13.4,10.1,12.1,9.2,3.3000000000000007,2.9000000000000004,9,8.1,2025-08-17T07:00:00Z,1574.94,441.03,1.400000000000091,0.5099999999999909,1.95,1.54,1.39,3.02
2025-08-17,17,13.1,10.2,11.9,9.2,2.9000000000000004,2.700000000000001,9,8.1,2025-08-17T08:00:00Z,1576.15,441.51,1.2100000000000364,0.4800000000000182,1.71,1.43,1.41,2.98
2025-08-17,18,11.7,9.5,12.7,10.7,2.1999999999999993,2,7.6,4.1,2025-08-17T09:00:00Z,1577.03,441.87,0.8799999999998818,0.36000000000001364,1.1,0.54,1.25,1.5
2025-08-17,19,11.5,9.6,13.7,11.7,1.9000000000000004,2,5.1,6.3,2025-08-17T10:00:00Z,1577.71,442.22,0.6800000000000637,0.35000000000002274,0.63,0.83,0.93,2.37
2025-08-17,20,11.8,9.8,13.4,11.7,2,1.700000000000001,5.2,7.3,2025-08-17T11:00:00Z,1578.36,442.56,0.6499999999998636,0.339999999999975,0.68,0.81,1.05,2.38
2025-08-17,21,12,9.7,13.6,11.6,2.3000000000000007,2,7.8,4.5,2025-08-17T12:00:00Z,1579.24,442.91,0.8800000000001091,0.35000000000002274,1.18,0.59,1.34,1.69
2025-08-17,22,11.4,9.4,13.8,12.1,2,1.700000000000001,6.5,2.8,2025-08-17T13:00:00Z,1579.96,443.23,0.7200000000000273,0.3199999999999932,0.85,0.31,1.18,0.97
2025-08-17,23,16.7,16.6,13.8,12.2,0.09999999999999787,1.6000000000000014,0.2,3.8,2025-08-17T14:00:00Z,1580.57,443.56,0.6099999999999,0.3299999999999841,0,0.4,0,1.21
2025-08-18,0,22,22.6,14,11.7,-0.6000000000000014,2.3000000000000007,0.7,3.9,2025-08-17T15:00:00Z,1581.24,443.88,0.6700000000000728,0.3199999999999932,-0.03,0.59,-0.04,1.84
2025-08-18,1,12.4,10.8,16.5,17.1,1.5999999999999996,-0.6000000000000014,4.4,0.8,2025-08-17T16:00:00Z,1581.67,444.06,0.43000000000006366,0.18000000000000682,0.46,-0.03,1.07,-0.17
2025-08-18,2,14.2,13.3,24.3,25.4,0.8999999999999986,-1.0999999999999979,1.7,0,2025-08-17T17:00:00Z,1582.18,444.18,0.5099999999999909,0.12000000000000455,0.1,-0,0.2,-0
2025-08-18,3,21.2,22.4,24.9,24.5,-1.1999999999999993,0.3999999999999986,0,0.4,2025-08-17T18:00:00Z,1582.72,444.34,0.5399999999999636,0.15999999999996817,-0,0.01,-0,0.06
2025-08-18,4,23.3,24.1,15.4,12.3,-0.8000000000000007,3.0999999999999996,0.6,3.1,2025-08-17T19:00:00Z,1583.27,444.63,0.5499999999999545,0.29000000000002046,-0.03,0.63,-0.05,2.17
2025-08-18,5,12.4,10.7,13.7,11.3,1.700000000000001,2.3999999999999986,4.4,2.5,2025-08-17T20:00:00Z,1583.71,444.91,0.44000000000005457,0.28000000000002956,0.49,0.39,1.11,1.39
2025-08-18,6,14.6,11.2,17.6,9.7,3.4000000000000004,7.900000000000002,6.4,5.2,2025-08-17T21:00:00Z,1584.72,445.35,1.009999999999991,0.4399999999999977,1.43,2.69,1.42,6.11
2025-08-18,7,13.9,10.6,14.2,9.3,3.3000000000000007,4.899999999999999,6.5,7.4,2025-08-17T22:00:00Z,1585.76,445.87,1.0399999999999636,0.5199999999999818,1.41,2.38,1.36,4.58
2025-08-18,8,14.5,10.7,12.1,9.2,3.8000000000000007,2.9000000000000004,8.5,8,2025-08-17T23:00:00Z,1587.55,446.39,1.7899999999999636,0.5199999999999818,2.12,1.52,1.18,2.92
2025-08-18,9,14,10.4,12.1,9.2,3.5999999999999996,2.9000000000000004,9,8,2025-08-18T00:00:00Z,1589.55,446.91,2,0.5200000000000387,2.12,1.52,1.06,2.92
2025-08-18,10,14.2,10.7,12.1,9.2,3.5,2.9000000000000004,9,8,2025-08-18T01:00:00Z,1591.68,447.44,2.130000000000109,0.5299999999999727,2.06,1.52,0.97,2.87
2025-08-18,11,14,10.4,12.2,9.2,3.5999999999999996,3,9,8,2025-08-18T02:00:00Z,1593.69,447.97,2.009999999999991,0.5300000000000296,2.12,1.57,1.05,2.96
2025-08-18,12,14,10.4,12.2,9.2,3.5999999999999996,3,9,8,2025-08-18T03:00:00Z,1595.72,448.51,2.0299999999999727,0.5399999999999636,2.12,1.57,1.04,2.91
2025-08-18,13,13.8,10.2,12.2,9.2,3.6000000000000014,3,9,8,2025-08-18T04:00:00Z,1597.68,449.05,1.9600000000000364,0.5400000000000205,2.12,1.57,1.08,2.91
2025-08-18,14,13.5,9.8,12.2,9.2,3.6999999999999993,3,8.9,8,2025-08-18T05:00:00Z,1599.56,449.58,1.8799999999998818,0.5299999999999727,2.16,1.57,1.15,2.96
2025-08-18,15,13.4,10,12.1,9.2,3.4000000000000004,2.9000000000000004,9,8.1,2025-08-18T06:00:00Z,1601.17,450.1,1.6100000000001273,0.5200000000000387,2,1.54,1.24,2.96
2025-08-18,16,13.4,10.2,12,9.2,3.200000000000001,2.8000000000000007,9,8.1,2025-08-18T07:00:00Z,1602.61,450.6,1.4399999999998272,0.5,1.89,1.49,1.31,2.98
2025-08-18,17,13.1,10.2,11.8,9.2,2.9000000000000004,2.6000000000000014,9,8,2025-08-18T08:00:00Z,1603.84,451.07,1.2300000000000182,0.46999999999997044,1.71,1.36,1.39,2.89
2025-08-18,18,11.7,9.5,12.6,10.7,2.1999999999999993,1.9000000000000004,7.9,4.4,2025-08-18T09:00:00Z,1604.73,451.43,0.8900000000001,0.36000000000001364,1.14,0.55,1.28,1.53
2025-08-18,19,11.6,9.7,13.4,11.7,1.9000000000000004,1.700000000000001,5.3,6.4,2025-08-18T10:00:00Z,1605.4,451.79,0.6700000000000728,0.36000000000001364,0.66,0.71,0.99,1.97
2025-08-18,20,12.2,10.2,13.5,11.8,2,1.6999999999999993,5.2,7.6,2025-08-18T11:00:00Z,1606.06,452.12,0.6599999999998545,0.3299999999999841,0.68,0.85,1.03,2.58
2025-08-18,21,12,9.8,13.7,12,2.1999999999999993,1.6999999999999993,7.8,7.6,2025-08-18T12:00:00Z,1606.85,452.45,0.7899999999999636,0.3299999999999841,1.12,0.85,1.42,2.58
2025-08-18,22,12.5,10.8,13.7,11.7,1.6999999999999993,2,5.6,6.5,2025-08-18T13:00:00Z,1607.47,452.77,0.6200000000001182,0.3199999999999932,0.62,0.85,1,2.66
2025-08-18,23,18.7,18.9,15.5,15.5,-0.1999999999999993,0,0,1.9,2025-08-18T14:00:00Z,1608.05,452.98,0.5799999999999272,0.21000000000003638,-0,0,-0,0
2025-08-19,0,23.2,24.3,23.6,25.1,-1.1000000000000014,-1.5,0,0,2025-08-18T15:00:00Z,1608.57,453.11,0.5199999999999818,0.12999999999999545,-0,-0,-0,-0
2025-08-19,1,14.6,13,24.9,25.6,1.5999999999999996,-0.7000000000000028,4.3,0,2025-08-18T16:00:00Z,1609.15,453.23,0.5800000000001546,0.12000000000000455,0.45,-0,0.78,-0
2025-08-19,2,13.8,13.1,16.7,13.4,0.7000000000000011,3.299999999999999,2.2,3.7,2025-08-18T17:00:00Z,1609.69,453.53,0.5399999999999636,0.2999999999999545,0.1,0.8,0.19,2.67
2025-08-19,3,20.7,22,13.7,11.2,-1.3000000000000007,2.5,0,2.7,2025-08-18T18:00:00Z,1610.19,453.81,0.5,0.28000000000002956,-0,0.44,-0,1.57
2025-08-19,4,23.2,24.4,16.4,16.7,-1.1999999999999993,-0.3000000000000007,0,1.3,2025-08-18T19:00:00Z,1610.67,454,0.4800000000000182,0.18999999999999773,-0,-0.03,-0,-0.16
2025-08-19,5,21.3,21.2,23.1,24.2,0.10000000000000142,-1.0999999999999979,1.5,0,2025-08-18T20:00:00Z,1611.2,454.12,0.5299999999999727,0.12000000000000455,0.01,-0,0.02,-0
2025-08-19,6,14.8,11.4,19.1,15.6,3.4000000000000004,3.5000000000000018,6.4,3.5,2025-08-18T21:00:00Z,1612.17,454.47,0.9700000000000273,0.35000000000002274,1.43,0.8,1.47,2.29
2025-08-19,7,13.5,10.1,14.3,9.3,3.4000000000000004,5,6.4,7.4,2025-08-18T22:00:00Z,1613.19,455,1.0199999999999818,0.5299999999999727,1.43,2.42,1.4,4.57
2025-08-19,8,14,10.2,12.1,9.3,3.8000000000000007,2.799999999999999,8.4,8.1,2025-08-18T23:00:00Z,1614.71,455.51,1.5199999999999818,0.5099999999999909,2.09,1.49,1.38,2.92
2025-08-19,9,13.7,10.3,12.1,9.3,3.3999999999999986,2.799999999999999,9,8.1,2025-08-19T00:00:00Z,1616.19,456.01,1.4800000000000182,0.5,2,1.49,1.35,2.98
2025-08-19,10,13.8,10.5,12.2,9.3,3.3000000000000007,2.8999999999999986,9,8,2025-08-19T01:00:00Z,1617.68,456.52,1.490000000000009,0.5099999999999909,1.95,1.52,1.31,2.98
2025-08-19,11,13.8,10.4,12.2,9.3,3.4000000000000004,2.8999999999999986,9,8.1,2025-08-19T02:00:00Z,1619.32,457.04,1.6399999999998727,0.5200000000000387,2,1.54,1.22,2.96
2025-08-19,12,13.8,10.3,12.2,9.3,3.5,2.8999999999999986,9,8.1,2025-08-19T03:00:00Z,1620.97,457.57,1.650000000000091,0.5299999999999727,2.06,1.54,1.25,2.91
2025-08-19,13,13.7,10.1,12.3,9.2,3.5999999999999996,3.1000000000000014,9,8.1,2025-08-19T04:00:00Z,1622.78,458.1,1.8099999999999454,0.5300000000000296,2.12,1.65,1.17,3.11
2025-08-19,14,13.6,10,12.3,9.2,3.5999999999999996,3.1000000000000014,9,8,2025-08-19T05:00:00Z,1624.5,458.63,1.7200000000000273,0.5299999999999727,2.12,1.62,1.23,3.06
2025-08-19,15,13.8,10.4,12.3,9.2,3.4000000000000004,3.1000000000000014,9,8,2025-08-19T06:00:00Z,1626.01,459.16,1.509999999999991,0.5300000000000296,2,1.62,1.32,3.06
2025-08-19,16,13.6,10.4,12.1,9.2,3.1999999999999993,2.9000000000000004,9,8.1,2025-08-19T07:00:00Z,1627.38,459.66,1.3700000000001182,0.5,1.89,1.54,1.38,3.08
2025-08-19,17,13.2,10.2,11.9,9.2,3,2.700000000000001,9,8.1,2025-08-19T08:00:00Z,1628.54,460.14,1.1599999999998545,0.47999999999996135,1.77,1.43,1.53,2.98
2025-08-19,18,11.7,9.4,12.7,10.7,2.299999999999999,2,6.6,4.5,2025-08-19T09:00:00Z,1629.29,460.49,0.75,0.35000000000002274,0.99,0.59,1.32,1.69
2025-08-19,19,11.7,9.8,13.7,11.9,1.8999999999999986,1.799999999999999,5.2,3.4,2025-08-19T10:00:00Z,1629.96,460.84,0.6700000000000728,0.3499999999999659,0.65,0.4,0.97,1.14
2025-08-19,20,12.3,10,13.7,11.9,2.3000000000000007,1.799999999999999,6,5.3,2025-08-19T11:00:00Z,1630.66,461.19,0.7000000000000455,0.35000000000002274,0.9,0.63,1.29,1.8
2025-08-19,21,11.7,9.6,13.8,12,2.0999999999999996,1.8000000000000007,7.8,6.7,2025-08-19T12:00:00Z,1631.49,461.51,0.8299999999999272,0.3199999999999932,1.07,0.79,1.29,2.47
2025-08-19,22,11.8,9.9,13.6,11.8,1.9000000000000004,1.799999999999999,5.6,6.8,2025-08-19T13:00:00Z,1632.16,461.85,0.6700000000000728,0.34000000000003183,0.7,0.8,1.04,2.35
2025-08-19,23,11.7,10,13.1,11.5,1.6999999999999993,1.5999999999999996,4.5,4.2,2025-08-19T14:00:00Z,1632.74,462.14,0.5799999999999272,0.2899999999999636,0.5,0.44,0.86,1.52
2025-08-20,0,14.3,12.8,12.8,11.2,1.5,1.6000000000000014,2.8,3.8,2025-08-19T15:00:00Z,1633.33,462.44,0.5899999999999181,0.30000000000001137,0.28,0.4,0.47,1.33
2025-08-20,1,12.3,10.8,16.8,15.2,1.5,1.6000000000000014,3.3,2.6,2025-08-19T16:00:00Z,1633.81,462.67,0.4800000000000182,0.2300000000000182,0.32,0.27,0.67,1.17
2025-08-20,2,18.8,19.5,14,11.3,-0.6999999999999993,2.6999999999999993,0,2.5,2025-08-19T17:00:00Z,1634.4,462.95,0.5900000000001455,0.2799999999999727,-0,0.44,-0,1.57
2025-08-20,3,23.2,24.5,13.8,11.5,-1.3000000000000007,2.3000000000000007,0,2.8,2025-08-19T18:00:00Z,1634.9,463.22,0.5,0.27000000000003865,-0,0.42,-0,1.56
2025-08-20,4,20,19.5,21,23.5,0.5,-2.5,2.1,0,2025-08-19T19:00:00Z,1635.45,463.34,0.5499999999999545,0.1199999999999477,0.07,-0,0.13,-0
2025-08-20,5,12.2,10.7,24.5,25.2,1.5,-0.6999999999999993,3.9,0,2025-08-19T20:00:00Z,1635.87,463.47,0.4199999999998454,0.1300000000000523,0.38,-0,0.9,-0
2025-08-20,6,17.2,11.1,19,13.6,6.1,5.4,2.8,5.1,2025-08-19T21:00:00Z,1636.75,463.87,0.8800000000001091,0.39999999999997726,1.12,1.8,1.27,4.5
2025-08-20,7,15.1,10.6,16.5,9.2,4.5,7.300000000000001,5.1,5.5,2025-08-19T22:00:00Z,1637.83,464.31,1.0799999999999272,0.4399999999999977,1.5,2.63,1.39,5.98
2025-08-20,8,14.3,10.9,15.5,9.3,3.4000000000000004,6.199999999999999,6.8,6.7,2025-08-19T23:00:00Z,1638.98,464.81,1.150000000000091,0.5,1.51,2.72,1.31,5.44
2025-08-20,9,14,10.3,12.4,9.2,3.6999999999999993,3.200000000000001,9,8,2025-08-20T00:00:00Z,1640.69,465.33,1.7100000000000364,0.5199999999999818,2.18,1.68,1.27,3.23
2025-08-20,10,13.8,10.2,12.4,9.3,3.6000000000000014,3.0999999999999996,9,8.1,2025-08-20T01:00:00Z,1642.41,465.86,1.7200000000000273,0.5300000000000296,2.12,1.65,1.23,3.11
2025-08-20,11,13.8,10.2,12.3,9.3,3.6000000000000014,3,9,8,2025-08-20T02:00:00Z,1644.13,466.39,1.7200000000000273,0.5299999999999727,2.12,1.57,1.23,2.96
2025-08-20,12,13.8,10.3,12.3,9.2,3.5,3.1000000000000014,9,8,2025-08-20T03:00:00Z,1645.81,466.92,1.6799999999998363,0.5300000000000296,2.06,1.62,1.23,3.06
2025-08-20,13,13.7,10.2,12.3,9.2,3.5,3.1000000000000014,9,8.1,2025-08-20T04:00:00Z,1647.42,467.45,1.6100000000001273,0.5299999999999727,2.06,1.65,1.28,3.11
2025-08-20,14,13.6,10.1,12.4,9.2,3.5,3.200000000000001,9,8.1,2025-08-20T05:00:00Z,1649.05,467.98,1.6299999999998818,0.5300000000000296,2.06,1.7,1.26,3.21
2025-08-20,15,13.7,10.3,12.2,9.2,3.3999999999999986,3,9,8.1,2025-08-20T06:00:00Z,1650.53,468.51,1.4800000000000182,0.5299999999999727,2,1.59,1.35,3
2025-08-20,16,13.1,9.9,12,9.2,3.1999999999999993,2.8000000000000007,8.9,8.1,2025-08-20T07:00:00Z,1651.81,469,1.2799999999999727,0.4900000000000091,1.87,1.49,1.46,3.04
2025-08-20,17,13.1,10.3,11.9,9.2,2.799999999999999,2.700000000000001,9,8.1,2025-08-20T08:00:00Z,1652.94,469.47,1.1300000000001091,0.4700000000000273,1.65,1.43,1.46,3.04
2025-08-20,18,11.6,9.4,12.7,11,2.1999999999999993,1.6999999999999993,5.4,5.4,2025-08-20T09:00:00Z,1653.64,469.78,0.7000000000000455,0.30999999999994543,0.78,0.6,1.11,1.94
2025-08-20,19,11.9,10.1,12.9,11.1,1.8000000000000007,1.8000000000000007,5.2,3.5,2025-08-20T10:00:00Z,1654.31,470.08,0.6699999999998454,0.30000000000001137,0.61,0.41,0.91,1.37
2025-08-20,20,12.1,9.7,13,11.3,2.4000000000000004,1.6999999999999993,6.8,4.2,2025-08-20T11:00:00Z,1655.1,470.4,0.7899999999999636,0.3199999999999932,1.07,0.47,1.35,1.47
2025-08-20,21,12.1,10.4,13.4,11.9,1.6999999999999993,1.5,6.6,7.3,2025-08-20T12:00:00Z,1655.77,470.74,0.6700000000000728,0.34000000000003183,0.74,0.72,1.1,2.12
2025-08-20,22,13.1,11.8,13.9,12.1,1.299999999999999,1.8000000000000007,2.1,7.3,2025-08-20T13:00:00Z,1656.4,471.07,0.6300000000001091,0.3299999999999841,0.18,0.86,0.29,2.61
2025-08-20,23,20.5,21.3,13.9,12.3,-0.8000000000000007,1.5999999999999996,0,6.5,2025-08-20T14:00:00Z,1656.99,471.37,0.5899999999999181,0.30000000000001137,-0,0.68,-0,2.27
2025-08-21,0,11.8,9.7,21.9,24.3,2.1000000000000014,-2.400000000000002,4.3,0,2025-08-20T15:00:00Z,1657.66,471.5,0.6700000000000728,0.12999999999999545,0.59,-0,0.88,-0
2025-08-21,1,15.3,15.1,25,25.6,0.20000000000000107,-0.6000000000000014,0.4,0,2025-08-20T16:00:00Z,1658.27,471.62,0.6099999999999,0.12000000000000455,0.01,-0,0.02,-0
2025-08-21,2,21.9,23.3,18.8,16.3,-1.4000000000000021,2.5,0,2.1,2025-08-20T17:00:00Z,1658.77,471.89,0.5,0.2699999999999818,-0,0.34,-0,1.26
2025-08-21,3,24.1,25.3,13.9,11,-1.1999999999999993,2.9000000000000004,0,3.1,2025-08-20T18:00:00Z,1659.27,472.18,0.5,0.29000000000002046,-0,0.59,-0,2.03
2025-08-21,4,15.2,13.7,17,17.3,1.5,-0.3000000000000007,4.1,0.9,2025-08-20T19:00:00Z,1659.77,472.36,0.5,0.18000000000000682,0.4,-0.02,0.8,-0.11
2025-08-21,5,14.1,13.1,23.9,24.9,1,-1,1.7,0,2025-08-20T20:00:00Z,1660.29,472.48,0.5199999999999818,0.12000000000000455,0.11,-0,0.21,-0
2025-08-21,6,16.8,10.6,18.8,14.9,6.200000000000001,3.9000000000000004,2.8,4,2025-08-20T21:00:00Z,1661.32,472.84,1.0299999999999727,0.3599999999999568,1.14,1.02,1.11,2.83
2025-08-21,7,14.9,10.5,14.3,9.4,4.4,4.9,6.5,7.4,2025-08-20T22:00:00Z,1662.6,473.37,1.2799999999999727,0.5300000000000296,1.87,2.38,1.46,4.49
2025-08-21,8,13.5,9.7,12.2,9.3,3.8000000000000007,2.8999999999999986,8.9,8.1,2025-08-20T23:00:00Z,1664.4,473.89,1.800000000000182,0.5199999999999818,2.22,1.54,1.23,2.96
2025-08-21,9,13.9,10.4,12.2,9.3,3.5,2.8999999999999986,9,8.1,2025-08-21T00:00:00Z,1666.29,474.42,1.8899999999998727,0.5300000000000296,2.06,1.54,1.09,2.91
2025-08-21,10,13.9,10.4,12.2,9.2,3.5,3,9,8.1,2025-08-21T01:00:00Z,1668.26,474.95,1.9700000000000273,0.5299999999999727,2.06,1.59,1.05,3
2025-08-21,11,13.9,10.4,12.2,9.3,3.5,2.8999999999999986,9,8.1,2025-08-21T02:00:00Z,1670.25,475.48,1.990000000000009,0.5300000000000296,2.06,1.54,1.04,2.91
2025-08-21,12,14,10.4,12.3,9.2,3.5999999999999996,3.1000000000000014,9,8,2025-08-21T03:00:00Z,1672.25,476.01,2,0.5299999999999727,2.12,1.62,1.06,3.06
2025-08-21,13,13.7,10,12.3,9.2,3.6999999999999993,3.1000000000000014,9,8.1,2025-08-21T04:00:00Z,1674.15,476.55,1.900000000000091,0.5400000000000205,2.18,1.65,1.15,3.06
2025-08-21,14,13.7,10.3,12.3,9.2,3.3999999999999986,3.1000000000000014,9,8.1,2025-08-21T05:00:00Z,1675.8,477.08,1.6499999999998636,0.5299999999999727,2,1.65,1.21,3.11
2025-08-21,15,13.2,10,11.9,9.2,3.1999999999999993,2.700000000000001,9,8.1,2025-08-21T06:00:00Z,1677.1,477.56,1.2999999999999545,0.4800000000000182,1.89,1.43,1.45,2.98
2025-08-21,16,12.8,9.6,12,9.3,3.200000000000001,2.6999999999999993,8.9,8.1,2025-08-21T07:00:00Z,1678.38,478.05,1.2800000000002,0.4900000000000091,1.87,1.43,1.46,2.92
2025-08-21,17,13,10.1,11.9,9.2,2.9000000000000004,2.700000000000001,9,8,2025-08-21T08:00:00Z,1679.57,478.57,1.1899999999998272,0.5199999999999818,1.71,1.42,1.44,2.73
2025-08-21,18,11.7,9.4,12.1,10.1,2.299999999999999,2,7.1,5.4,2025-08-21T09:00:00Z,1680.34,478.98,0.7699999999999818,0.410000000000025,1.07,0.71,1.39,1.73
2025-08-21,19,11.8,9.9,13.5,11.9,1.9000000000000004,1.5999999999999996,5.2,6.6,2025-08-21T10:00:00Z,1681.02,479.35,0.6800000000000637,0.37000000000000455,0.65,0.69,0.96,1.86
2025-08-21,20,12.1,9.8,13.6,11.6,2.299999999999999,2,6,5,2025-08-21T11:00:00Z,1681.75,479.75,0.7300000000000182,0.39999999999997726,0.9,0.66,1.23,1.65
2025-08-21,21,11.5,9.4,13.2,11.7,2.0999999999999996,1.5,7.8,5.9,2025-08-21T12:00:00Z,1682.49,480.12,0.7400000000000091,0.37000000000000455,1.07,0.58,1.45,1.57
2025-08-21,22,11.2,9.3,13.7,12.1,1.8999999999999986,1.5999999999999996,5.1,3.2,2025-08-21T13:00:00Z,1683.08,480.45,0.5899999999999181,0.3299999999999841,0.63,0.34,1.07,1.03
2025-08-21,23,16.7,16.7,17,18,0,-1,0.2,1.8,2025-08-21T14:00:00Z,1683.65,480.66,0.5700000000001637,0.21000000000003638,0,-0.12,0,-0.57
2025-08-22,0,21,21.3,22.9,22.6,-0.3000000000000007,0.29999999999999716,1.4,1.2,2025-08-21T15:00:00Z,1684.26,480.85,0.6099999999999,0.18999999999999773,-0.03,0.02,-0.05,0.11
2025-08-22,1,12.4,10.8,15.5,13,1.5999999999999996,2.5,4.4,2.6,2025-08-21T16:00:00Z,1684.67,481.14,0.41000000000008185,0.2899999999999636,0.46,0.43,1.12,1.48
2025-08-22,2,15,14.7,14.8,12.3,0.3000000000000007,2.5,0.7,2.8,2025-08-21T17:00:00Z,1685.22,481.44,0.5499999999999545,0.30000000000001137,0.01,0.46,0.02,1.53
2025-08-22,3,21.5,22.6,14.9,13,-1.1000000000000014,1.9000000000000004,0,2.8,2025-08-21T18:00:00Z,1685.76,481.7,0.5399999999999636,0.2599999999999909,-0,0.35,-0,1.35
2025-08-22,4,23.8,24.9,21.7,23.6,-1.0999999999999979,-1.9000000000000021,0,0,2025-08-21T19:00:00Z,1686.36,481.82,0.599999999999909,0.12000000000000455,-0,-0,-0,-0
2025-08-22,5,12.2,10,24.1,24.9,2.1999999999999993,-0.7999999999999972,4.3,0,2025-08-21T20:00:00Z,1687.01,481.94,0.650000000000091,0.12000000000000455,0.62,-0,0.95,-0
2025-08-22,6,15.8,10.3,18.8,14,5.5,4.800000000000001,3.6,5,2025-08-21T21:00:00Z,1687.85,482.37,0.8399999999999181,0.4300000000000068,1.3,1.57,1.55,3.65
2025-08-22,7,15.3,10.4,14.2,9.3,4.9,4.899999999999999,4,7.4,2025-08-21T22:00:00Z,1688.84,482.94,0.9900000000000091,0.5699999999999932,1.28,2.38,1.29,4.18
2025-08-22,8,14.3,10.6,12.2,9.2,3.700000000000001,3,8.2,8,2025-08-21T23:00:00Z,1690.46,483.5,1.6200000000001182,0.5600000000000023,1.99,1.57,1.23,2.8
2025-08-22,9,13.6,10,12.1,9.2,3.5999999999999996,2.9000000000000004,9,8,2025-08-22T00:00:00Z,1692.22,484.07,1.759999999999991,0.5699999999999932,2.12,1.52,1.2,2.67
2025-08-22,10,13.5,10,12.1,9.2,3.5,2.9000000000000004,9,8,2025-08-22T01:00:00Z,1693.91,484.63,1.6900000000000546,0.5600000000000023,2.06,1.52,1.22,2.71
2025-08-22,11,14,10.5,12.2,9.2,3.5,3,9,7.9,2025-08-22T02:00:00Z,1695.85,485.2,1.9399999999998272,0.5699999999999932,2.06,1.55,1.06,2.72
2025-08-22,12,13.6,9.9,12.2,9.2,3.6999999999999993,3,9,8,2025-08-22T03:00:00Z,1697.75,485.77,1.900000000000091,0.5699999999999932,2.18,1.57,1.15,2.75
2025-08-22,13,13.6,10.1,12.3,9.2,3.5,3.1000000000000014,9,8,2025-08-22T04:00:00Z,1699.51,486.34,1.759999999999991,0.5699999999999932,2.06,1.62,1.17,2.84
2025-08-22,14,13.7,10.2,12.3,9.2,3.5,3.1000000000000014,9,8,2025-08-22T05:00:00Z,1701.06,486.91,1.5499999999999545,0.57000000000005,2.06,1.62,1.33,2.84
2025-08-22,15,13.3,10,12.1,9.2,3.3000000000000007,2.9000000000000004,9,8,2025-08-22T06:00:00Z,1702.46,487.46,1.400000000000091,0.5499999999999545,1.95,1.52,1.39,2.76
2025-08-22,16,13.2,10.2,11.9,9.2,3,2.700000000000001,9,8,2025-08-22T07:00:00Z,1703.61,487.98,1.1499999999998636,0.5200000000000387,1.77,1.42,1.54,2.73
2025-08-22,17,12.5,9.6,11.8,9.2,2.9000000000000004,2.6000000000000014,8.7,8,2025-08-22T08:00:00Z,1704.62,488.48,1.009999999999991,0.5,1.65,1.36,1.63,2.72
2025-08-22,18,11.8,9.7,12.5,10.6,2.1000000000000014,1.9000000000000004,5.2,6.1,2025-08-22T09:00:00Z,1705.29,488.88,0.6700000000000728,0.39999999999997726,0.72,0.76,1.07,1.9
2025-08-22,19,11.7,9.8,13.4,11.6,1.8999999999999986,1.8000000000000007,5.2,5.6,2025-08-22T10:00:00Z,1705.9,489.26,0.6100000000001273,0.37999999999999545,0.65,0.66,1.07,1.74
2025-08-22,20,12,9.6,13.5,12,2.4000000000000004,1.5,7.7,6.7,2025-08-22T11:00:00Z,1706.76,489.63,0.8599999999999,0.37000000000000455,1.21,0.66,1.41,1.78
2025-08-22,21,11.4,9.5,13.7,12.1,1.9000000000000004,1.5999999999999996,5.8,3.7,2025-08-22T12:00:00Z,1707.42,489.97,0.6600000000000819,0.34000000000003183,0.72,0.39,1.09,1.15
2025-08-22,22,14.1,13,14.1,12.5,1.0999999999999996,1.5999999999999996,1.9,4.6,2025-08-22T13:00:00Z,1708.01,490.29,0.5899999999999181,0.3199999999999932,0.14,0.48,0.24,1.5
2025-08-22,23,21,21.9,20.5,22.2,-0.8999999999999986,-1.6999999999999993,0,0.5,2025-08-22T14:00:00Z,1708.6,490.46,0.5899999999999181,0.16999999999995907,-0,-0.06,-0,-0.35
2025-08-23,0,13.8,12,15.9,13.2,1.8000000000000007,2.700000000000001,4.4,2.5,2025-08-22T15:00:00Z,1709.14,490.75,0.540000000000191,0.29000000000002046,0.52,0.44,0.96,1.52
2025-08-23,1,13.7,12.7,15,12.4,1,2.5999999999999996,2.4,3.1,2025-08-22T16:00:00Z,1709.69,491.05,0.5499999999999545,0.30000000000001137,0.16,0.53,0.29,1.77
2025-08-23,2,20.5,21.5,14.7,12.4,-1,2.299999999999999,0,2.9,2025-08-22T17:00:00Z,1710.22,491.34,0.5299999999999727,0.2899999999999636,-0,0.44,-0,1.52
2025-08-23,3,23.5,24.6,14.8,13,-1.1000000000000014,1.8000000000000007,0,2.8,2025-08-22T18:00:00Z,1710.71,491.61,0.4900000000000091,0.27000000000003865,-0,0.33,-0,1.22
2025-08-23,4,19.5,18.8,21.9,23.8,0.6999999999999993,-1.9000000000000021,2.6,0,2025-08-22T19:00:00Z,1711.26,491.73,0.5499999999999545,0.12000000000000455,0.12,-0,0.22,-0
2025-08-23,5,12.7,11.4,24,24.6,1.299999999999999,-0.6000000000000014,3.1,0,2025-08-22T20:00:00Z,1711.75,491.86,0.4900000000000091,0.12999999999999545,0.26,-0,0.53,-0
2025-08-23,6,16.4,11,18.4,13.5,5.399999999999999,4.899999999999999,2.8,4.3,2025-08-22T21:00:00Z,1712.58,492.29,0.8299999999999272,0.4300000000000068,0.99,1.38,1.19,3.21
2025-08-23,7,14.7,10.5,14.2,9.4,4.199999999999999,4.799999999999999,5.1,7.4,2025-08-22T22:00:00Z,1713.63,492.85,1.050000000000182,0.5600000000000023,1.4,2.33,1.33,4.16
2025-08-23,8,14.2,10.6,12.2,9.3,3.5999999999999996,2.8999999999999986,8.4,8,2025-08-22T23:00:00Z,1715.12,493.4,1.4899999999997817,0.5499999999999545,1.98,1.52,1.33,2.76
2025-08-23,9,13.5,10,12.1,9.3,3.5,2.799999999999999,9,8,2025-08-23T00:00:00Z,1716.79,493.96,1.6700000000000728,0.5600000000000023,2.06,1.47,1.23,2.62
2025-08-23,10,13.7,10.3,12.2,9.3,3.3999999999999986,2.8999999999999986,9,8,2025-08-23T01:00:00Z,1718.47,494.51,1.6800000000000637,0.5500000000000114,2,1.52,1.19,2.76
2025-08-23,11,13.7,10.2,12.2,9.3,3.5,2.8999999999999986,9,8,2025-08-23T02:00:00Z,1720.3,495.08,1.8299999999999272,0.5699999999999932,2.06,1.52,1.13,2.67
2025-08-23,12,13.5,9.9,12.2,9.2,3.5999999999999996,3,9,8,2025-08-23T03:00:00Z,1722.2,495.65,1.900000000000091,0.5699999999999932,2.12,1.57,1.12,2.75
2025-08-23,13,13.7,10.2,12.3,9.3,3.5,3,9,8,2025-08-23T04:00:00Z,1724,496.23,1.7999999999999545,0.5800000000000409,2.06,1.57,1.14,2.71
2025-08-23,14,13.7,10.2,12.4,9.2,3.5,3.200000000000001,9,8,2025-08-23T05:00:00Z,1725.72,496.8,1.7200000000000273,0.5699999999999932,2.06,1.68,1.2,2.95
2025-08-23,15,13.8,10.5,12.3,9.2,3.3000000000000007,3.1000000000000014,9,8,2025-08-23T06:00:00Z,1727.16,497.37,1.4400000000000546,0.5699999999999932,1.95,1.62,1.35,2.84
2025-08-23,16,13.7,10.5,12.1,9.2,3.1999999999999993,2.9000000000000004,9,8.1,2025-08-23T07:00:00Z,1728.52,497.92,1.3599999999999,0.5500000000000114,1.89,1.54,1.39,2.8
2025-08-23,17,13.2,10.1,11.9,9.2,3.0999999999999996,2.700000000000001,9,8.1,2025-08-23T08:00:00Z,1729.78,498.45,1.259999999999991,0.5299999999999727,1.83,1.43,1.45,2.7
2025-08-23,18,11.7,9.4,12,10,2.299999999999999,2,6.7,7.1,2025-08-23T09:00:00Z,1730.6,498.87,0.8199999999999363,0.4200000000000159,1.01,0.93,1.23,2.21
2025-08-23,19,11.6,9.5,13.6,11.8,2.0999999999999996,1.799999999999999,5.2,7.2,2025-08-23T10:00:00Z,1731.28,499.2,0.6800000000000637,0.3299999999999841,0.72,0.85,1.06,2.58
2025-08-23,20,12.6,10.5,13.5,11.6,2.0999999999999996,1.9000000000000004,6,6.1,2025-08-23T11:00:00Z,1732.04,499.54,0.7599999999999909,0.34000000000003183,0.83,0.76,1.09,2.24
2025-08-23,21,11.9,9.7,13.6,11.9,2.200000000000001,1.6999999999999993,7.8,3.4,2025-08-23T12:00:00Z,1732.84,499.88,0.7999999999999545,0.339999999999975,1.12,0.38,1.4,1.12
2025-08-23,22,12,10.2,13.1,11.5,1.8000000000000007,1.5999999999999996,5.3,3.7,2025-08-23T13:00:00Z,1733.5,500.17,0.6600000000000819,0.29000000000002046,0.63,0.39,0.95,1.34
2025-08-23,23,13,11.5,12.8,11.2,1.5,1.6000000000000014,2.8,4.2,2025-08-23T14:00:00Z,1734.1,500.5,0.599999999999909,0.3299999999999841,0.28,0.44,0.47,1.33
2025-08-24,0,16.1,15,13.9,11.8,1.1000000000000014,2.0999999999999996,2.9,5.3,2025-08-23T15:00:00Z,1734.73,500.8,0.6300000000001091,0.30000000000001137,0.21,0.73,0.33,2.43
2025-08-24,1,12.5,11,13.7,11.2,1.5,2.5,3.7,3.2,2025-08-23T16:00:00Z,1735.18,501.09,0.4500000000000455,0.2899999999999636,0.36,0.52,0.8,1.79
2025-08-24,2,18.7,19.4,18.4,19.6,-0.6999999999999993,-1.2000000000000028,0,0.7,2025-08-23T17:00:00Z,1735.77,501.25,0.5899999999999181,0.160000000000025,-0,-0.06,-0,-0.37
2025-08-24,3,23.1,24.4,24.5,25.3,-1.2999999999999972,-0.8000000000000007,0,0,2025-08-23T18:00:00Z,1736.27,501.37,0.5,0.12000000000000455,-0,-0,-0,-0
2025-08-24,4,20.7,20.4,23,21.8,0.3000000000000007,1.1999999999999993,2.1,1.6,2025-08-23T19:00:00Z,1736.83,501.56,0.5599999999999454,0.18999999999999773,0.04,0.13,0.07,0.68
2025-08-24,5,12.1,10.4,14.7,11.8,1.6999999999999993,2.8999999999999986,3.9,3.3,2025-08-23T20:00:00Z,1737.31,501.85,0.4800000000000182,0.29000000000002046,0.43,0.63,0.9,2.17
2025-08-24,6,16.6,9.9,18.6,13,6.700000000000001,5.600000000000001,2.8,4.3,2025-08-23T21:00:00Z,1738.32,502.17,1.009999999999991,0.3199999999999932,1.23,1.58,1.22,4.94
2025-08-24,7,15,10.2,15.5,11.1,4.800000000000001,4.4,4.7,5.8,2025-08-23T22:00:00Z,1739.43,502.67,1.1100000000001273,0.5,1.48,1.67,1.33,3.34
2025-08-24,8,14.5,10.7,12.2,9.2,3.8000000000000007,3,8.2,8,2025-08-23T23:00:00Z,1741.17,503.19,1.740000000000009,0.5199999999999818,2.04,1.57,1.17,3.02
2025-08-24,9,13.7,10,12.3,9.3,3.6999999999999993,3,9,8.1,2025-08-24T00:00:00Z,1743.09,503.72,1.9199999999998454,0.5300000000000296,2.18,1.59,1.14,3
2025-08-24,10,13.7,10.1,12.2,9.2,3.5999999999999996,3,9,8.1,2025-08-24T01:00:00Z,1745.05,504.25,1.9600000000000364,0.5299999999999727,2.12,1.59,1.08,3
2025-08-24,11,13.7,10,12.2,9.3,3.6999999999999993,2.8999999999999986,9,8.1,2025-08-24T02:00:00Z,1747,504.78,1.9500000000000455,0.5299999999999727,2.18,1.54,1.12,2.91
2025-08-24,12,13.7,10.1,12.3,9.3,3.5999999999999996,3,9,8.1,2025-08-24T03:00:00Z,1748.96,505.31,1.9600000000000364,0.5300000000000296,2.12,1.59,1.08,3
2025-08-24,13,13.7,10,12.3,9.3,3.6999999999999993,3,9,8.1,2025-08-24T04:00:00Z,1750.93,505.85,1.9700000000000273,0.5400000000000205,2.18,1.59,1.11,2.94
2025-08-24,14,13.7,10.1,12.3,9.2,3.5999999999999996,3.1000000000000014,9,8.1,2025-08-24T05:00:00Z,1752.73,506.39,1.7999999999999545,0.5399999999999636,2.12,1.65,1.18,3.06
2025-08-24,15,13.7,10.2,12.3,9.2,3.5,3.1000000000000014,9,8.1,2025-08-24T06:00:00Z,1754.34,506.92,1.6099999999999,0.5300000000000296,2.06,1.65,1.28,3.11
2025-08-24,16,13.4,10.1,12.1,9.2,3.3000000000000007,2.9000000000000004,9,8.1,2025-08-24T07:00:00Z,1755.73,507.42,1.3900000000001,0.5,1.95,1.54,1.4,3.08
2025-08-24,17,13.1,10.1,11.9,9.2,3,2.700000000000001,9,8.1,2025-08-24T08:00:00Z,1756.88,507.9,1.150000000000091,0.47999999999996135,1.77,1.43,1.54,2.98
2025-08-24,18,11.7,9.6,12.4,10.4,2.0999999999999996,2,7.5,7.3,2025-08-24T09:00:00Z,1757.66,508.27,0.7799999999999727,0.37000000000000455,1.03,0.96,1.32,2.59
2025-08-24,19,11.7,9.7,13.6,11.9,2,1.6999999999999993,5.2,7.5,2025-08-24T10:00:00Z,1758.27,508.61,0.6099999999999,0.34000000000003183,0.68,0.84,1.11,2.47
2025-08-24,20,11.9,10,13.5,11.9,1.9000000000000004,1.5999999999999996,5.2,5.5,2025-08-24T11:00:00Z,1758.85,508.94,0.5799999999999272,0.3299999999999841,0.65,0.58,1.12,1.76
2025-08-24,21,12.2,9.8,13.7,11.8,2.3999999999999986,1.8999999999999986,7.7,4.8,2025-08-24T12:00:00Z,1759.65,509.26,0.8000000000001819,0.3199999999999932,1.21,0.6,1.51,1.88
2025-08-24,22,12.1,10.3,14.5,14.4,1.799999999999999,0.09999999999999964,4.6,2.2,2025-08-24T13:00:00Z,1760.33,509.5,0.6799999999998363,0.2400000000000091,0.54,0.01,0.79,0.04
2025-08-24,23,18.9,19.2,20,19,-0.3000000000000007,1,0,2.3,2025-08-24T14:00:00Z,1760.92,509.73,0.5900000000001455,0.2300000000000182,-0,0.15,-0,0.65
2025-08-25,0,20.7,20.7,14.2,11.4,0,2.799999999999999,1.5,3,2025-08-24T15:00:00Z,1761.55,510,0.6299999999998818,0.2699999999999818,0,0.55,0,2.04
2025-08-25,1,12.1,10.4,13.9,11.8,1.6999999999999993,2.0999999999999996,4.4,2.4,2025-08-24T16:00:00Z,1762.06,510.26,0.5099999999999909,0.2599999999999909,0.49,0.33,0.96,1.27
2025-08-25,2,16,16.7,22.4,24.8,-0.6999999999999993,-2.400000000000002,0.2,0,2025-08-24T17:00:00Z,1762.67,510.39,0.6100000000001273,0.12999999999999545,-0.01,-0,-0.02,-0
2025-08-25,3,22.7,24.3,25.4,25.4,-1.6000000000000014,0,0,0.5,2025-08-24T18:00:00Z,1763.26,510.54,0.5899999999999181,0.1500000000000341,-0,0,-0,0
2025-08-25,4,15.7,14.2,15.8,12.8,1.5,3,3.7,2.5,2025-08-24T19:00:00Z,1763.89,510.82,0.6300000000001091,0.2799999999999727,0.36,0.49,0.57,1.75
2025-08-25,5,11.4,9.7,14.3,11.5,1.700000000000001,2.8000000000000007,2.9,2.7,2025-08-24T20:00:00Z,1764.45,511.1,0.5599999999999454,0.28000000000002956,0.32,0.5,0.57,1.79
2025-08-25,6,16.9,10.6,17.3,9.1,6.299999999999999,8.200000000000001,2.8,5.3,2025-08-24T21:00:00Z,1765.39,511.56,0.9400000000000546,0.45999999999997954,1.16,2.85,1.23,6.2
2025-08-25,7,14.8,10.3,13.5,9.4,4.5,4.1,5.1,7.9,2025-08-24T22:00:00Z,1766.45,512.15,1.0599999999999454,0.589999999999975,1.5,2.12,1.42,3.59
2025-08-25,8,14.3,10.5,12.2,9.3,3.8000000000000007,2.8999999999999986,8.5,8,2025-08-24T23:00:00Z,1768.07,512.75,1.6199999999998909,0.6000000000000227,2.12,1.52,1.31,2.53
2025-08-25,9,13.8,10.4,12.1,9.2,3.4000000000000004,2.9000000000000004,9,8,2025-08-25T00:00:00Z,1769.63,513.34,1.5600000000001728,0.5900000000000318,2,1.52,1.28,2.58
2025-08-25,10,13.8,10.4,12.1,9.2,3.4000000000000004,2.9000000000000004,9,8,2025-08-25T01:00:00Z,1771.35,513.93,1.7199999999998,0.5899999999999181,2,1.52,1.16,2.58
2025-08-25,11,13.4,9.9,12.1,9.2,3.5,2.9000000000000004,9,8,2025-08-25T02:00:00Z,1773.2,514.54,1.8500000000001364,0.6100000000000136,2.06,1.52,1.11,2.49
2025-08-25,12,13.6,10,12.2,9.2,3.5999999999999996,3,9,8,2025-08-25T03:00:00Z,1775.08,515.15,1.8799999999998818,0.6100000000000136,2.12,1.57,1.13,2.57
2025-08-25,13,13.6,9.9,12.3,9.2,3.6999999999999993,3.1000000000000014,9,8,2025-08-25T04:00:00Z,1776.99,515.78,1.9100000000000819,0.6299999999999955,2.18,1.62,1.14,2.57
2025-08-25,14,13.8,10.4,12.2,9.2,3.4000000000000004,3,9,8,2025-08-25T05:00:00Z,1778.6,516.4,1.6099999999999,0.6200000000000045,2,1.57,1.24,2.53
2025-08-25,15,13.5,10.1,12.2,9.2,3.4000000000000004,3,9,8,2025-08-25T06:00:00Z,1780.2,517.01,1.6000000000001364,0.6100000000000136,2,1.57,1.25,2.57
2025-08-25,16,13.3,10.1,12,9.2,3.200000000000001,2.8000000000000007,9,8,2025-08-25T07:00:00Z,1781.6,517.59,1.3999999999998636,0.5800000000000409,1.89,1.47,1.35,2.53
2025-08-25,17,13.1,10.2,11.8,9.2,2.9000000000000004,2.6000000000000014,9,8,2025-08-25T08:00:00Z,1782.72,518.13,1.1200000000001182,0.5399999999999636,1.71,1.36,1.53,2.52
2025-08-25,18,11.6,9.4,12.1,10.2,2.1999999999999993,1.9000000000000004,6.2,6.2,2025-08-25T09:00:00Z,1783.44,518.55,0.7200000000000273,0.4199999999999591,0.89,0.77,1.24,1.83
2025-08-25,19,12,10.1,14.7,13.3,1.9000000000000004,1.3999999999999986,5.2,2.8,2025-08-25T10:00:00Z,1784.1,518.87,0.6599999999998545,0.32000000000005,0.65,0.26,0.98,0.81
2025-08-25,20,12.2,9.7,14.6,12.8,2.5,1.799999999999999,6.8,4.7,2025-08-25T11:00:00Z,1784.91,519.28,0.8100000000001728,0.40999999999996817,1.11,0.55,1.37,1.34
2025-08-25,21,11.5,9.5,13.7,12.1,2,1.5999999999999996,7.1,6.2,2025-08-25T12:00:00Z,1785.68,519.71,0.7699999999999818,0.43000000000006366,0.93,0.65,1.21,1.51
2025-08-25,22,12,10.1,13.6,12,1.9000000000000004,1.5999999999999996,5.2,6,2025-08-25T13:00:00Z,1786.28,520.11,0.599999999999909,0.39999999999997726,0.65,0.63,1.08,1.58
2025-08-25,23,13.8,12.3,14,12.4,1.5,1.5999999999999996,2.8,6.2,2025-08-25T14:00:00Z,1786.89,520.5,0.6100000000001273,0.38999999999998636,0.28,0.65,0.46,1.67
2025-08-26,0,12.7,10.9,15.6,13.2,1.799999999999999,2.4000000000000004,4.5,3,2025-08-25T15:00:00Z,1787.34,520.82,0.4499999999998181,0.32000000000005,0.53,0.47,1.18,1.47
2025-08-26,1,13.3,12.2,15.8,13.5,1.1000000000000014,2.3000000000000007,2.4,3.3,2025-08-25T16:00:00Z,1787.89,521.14,0.5500000000001819,0.31999999999993634,0.17,0.5,0.31,1.56
2025-08-26,2,20.7,21.7,15.7,13.7,-1,2,0,3.7,2025-08-25T17:00:00Z,1788.46,521.47,0.5699999999999363,0.3300000000000409,-0,0.48,-0,1.45
2025-08-26,3,23.4,24.2,15.6,13.4,-0.8000000000000007,2.1999999999999993,0.6,2.8,2025-08-25T18:00:00Z,1789,521.77,0.5399999999999636,0.2999999999999545,-0.03,0.4,-0.06,1.33
2025-08-26,4,11.7,9.6,15.5,13.1,2.0999999999999996,2.4000000000000004,4.4,3.4,2025-08-25T19:00:00Z,1789.6,522.09,0.599999999999909,0.32000000000005,0.61,0.53,1.02,1.66
2025-08-26,5,15.3,15,15.6,13.5,0.3000000000000007,2.0999999999999996,0.4,3,2025-08-25T20:00:00Z,1790.14,522.42,0.540000000000191,0.32999999999992724,0.01,0.41,0.02,1.24
2025-08-26,6,17.1,10.9,17.6,9.8,6.200000000000001,7.800000000000001,2.8,5.3,2025-08-25T21:00:00Z,1791.09,522.93,0.9499999999998181,0.5099999999999909,1.14,2.71,1.2,5.31
2025-08-26,7,14.3,10.3,16.2,9.6,4,6.6,6.3,6.1,2025-08-25T22:00:00Z,1792.15,523.47,1.0600000000001728,0.5400000000000773,1.65,2.64,1.56,4.89
2025-08-26,8,14.3,10.5,12.4,9.2,3.8000000000000007,3.200000000000001,7.6,8,2025-08-25T23:00:00Z,1793.55,524.09,1.3999999999998636,0.6200000000000045,1.89,1.68,1.35,2.71
2025-08-26,9,13.9,10.4,12.2,9.2,3.5,3,9,8,2025-08-26T00:00:00Z,1795.07,524.7,1.5199999999999818,0.6100000000000136,2.06,1.57,1.36,2.57
2025-08-26,10,13.8,10.3,12.2,9.3,3.5,2.8999999999999986,9,8,2025-08-26T01:00:00Z,1796.64,525.31,1.5700000000001637,0.6099999999999,2.06,1.52,1.31,2.49
2025-08-26,11,13.8,10.2,12.2,9.2,3.6000000000000014,3,9,8,2025-08-26T02:00:00Z,1798.33,525.93,1.6899999999998272,0.6200000000000045,2.12,1.57,1.25,2.53
2025-08-26,12,13.7,10.1,12.3,9.3,3.5999999999999996,3,9,8,2025-08-26T03:00:00Z,1800.04,526.55,1.7100000000000364,0.6200000000000045,2.12,1.57,1.24,2.53
2025-08-26,13,13.6,9.9,12.4,9.3,3.6999999999999993,3.0999999999999996,9,8,2025-08-26T04:00:00Z,1801.78,527.17,1.740000000000009,0.6200000000000045,2.18,1.62,1.25,2.61
2025-08-26,14,13.6,10.1,12.4,9.2,3.5,3.200000000000001,9,8,2025-08-26T05:00:00Z,1803.36,527.79,1.5799999999999272,0.6200000000000045,2.06,1.68,1.3,2.71
2025-08-26,15,13.6,10.3,12.3,9.2,3.299999999999999,3.1000000000000014,9,8,2025-08-26T06:00:00Z,1804.83,528.39,1.4700000000000273,0.6000000000000227,1.95,1.62,1.33,2.7
2025-08-26,16,13.6,10.3,12.1,9.2,3.299999999999999,2.9000000000000004,9,8,2025-08-26T07:00:00Z,1806.15,528.98,1.3200000000001637,0.5900000000000318,1.95,1.52,1.48,2.58
2025-08-26,17,13.2,10.3,11.9,9.2,2.8999999999999986,2.700000000000001,9,8,2025-08-26T08:00:00Z,1807.23,529.54,1.0799999999999272,0.5599999999999454,1.71,1.42,1.58,2.54
2025-08-26,18,11.7,9.5,12.2,10.2,2.1999999999999993,2,6.7,5.9,2025-08-26T09:00:00Z,1807.98,529.95,0.75,0.41000000000008185,0.97,0.77,1.29,1.88
2025-08-26,19,11.5,9.6,14.7,13.3,1.9000000000000004,1.3999999999999986,5.1,2.3,2025-08-26T10:00:00Z,1808.59,530.28,0.6099999999999,0.32999999999992724,0.63,0.21,1.03,0.64
2025-08-26,20,11.8,9.8,14.9,13,2,1.9000000000000004,5.5,5.2,2025-08-26T11:00:00Z,1809.21,530.63,0.6200000000001182,0.35000000000002274,0.72,0.65,1.16,1.86
2025-08-26,21,11.9,9.7,13.9,12.3,2.200000000000001,1.5999999999999996,7.8,5.6,2025-08-26T12:00:00Z,1810.02,531.06,0.8099999999999454,0.42999999999995,1.12,0.59,1.38,1.37
2025-08-26,22,13.7,12.9,13.6,11.9,0.7999999999999989,1.6999999999999993,2.5,5.7,2025-08-26T13:00:00Z,1810.68,531.46,0.6600000000000819,0.40000000000009095,0.13,0.63,0.2,1.57
2025-08-26,23,21,21.9,13.5,12,-0.8999999999999986,1.5,0,6.3,2025-08-26T14:00:00Z,1811.28,531.86,0.599999999999909,0.39999999999997726,-0,0.62,-0,1.55
2025-08-27,0,22.2,22.3,14.5,12.9,-0.10000000000000142,1.5999999999999996,1.4,3.9,2025-08-26T15:00:00Z,1812.06,532.21,0.7799999999999727,0.35000000000002274,-0.01,0.41,-0.01,1.17
2025-08-27,1,12.5,10.9,19.3,19.3,1.5999999999999996,0,4.4,1.1,2025-08-26T16:00:00Z,1812.48,532.38,0.42000000000007276,0.16999999999995907,0.46,0,1.1,0
2025-08-27,2,14.4,13.6,22.1,21.3,0.8000000000000007,0.8000000000000007,1.7,2,2025-08-26T17:00:00Z,1813.07,532.61,0.5899999999999181,0.2300000000000182,0.09,0.1,0.15,0.43
2025-08-27,3,21.3,22.2,15.9,13.4,-0.8999999999999986,2.5,0,2.7,2025-08-26T18:00:00Z,1813.6,532.92,0.5299999999999727,0.30999999999994543,-0,0.44,-0,1.42
2025-08-27,4,23.3,23.9,15.5,13.3,-0.5999999999999979,2.1999999999999993,0.8,3.6,2025-08-26T19:00:00Z,1814.24,533.25,0.6400000000001,0.3300000000000409,-0.03,0.52,-0.05,1.58
2025-08-27,5,11,8.9,15.4,13.6,2.0999999999999996,1.8000000000000007,4.3,3.3,2025-08-26T20:00:00Z,1814.87,533.57,0.6299999999998818,0.32000000000005,0.59,0.39,0.94,1.22
2025-08-27,6,16,10.7,17.8,11.1,5.300000000000001,6.700000000000001,3.6,5.5,2025-08-26T21:00:00Z,1815.76,534.04,0.8900000000001,0.4699999999999136,1.25,2.41,1.4,5.13
2025-08-27,7,15.4,10.4,14.1,9.4,5,4.699999999999999,4,7.5,2025-08-26T22:00:00Z,1816.77,534.64,1.009999999999991,0.6000000000000227,1.31,2.31,1.3,3.85
2025-08-27,8,14.4,10.6,12.2,9.3,3.8000000000000007,2.8999999999999986,8.9,8,2025-08-26T23:00:00Z,1818.42,535.23,1.650000000000091,0.5900000000000318,2.22,1.52,1.35,2.58
2025-08-27,9,13.9,10.4,12.1,9.3,3.5,2.799999999999999,9,8,2025-08-27T00:00:00Z,1819.94,535.83,1.5199999999999818,0.6000000000000227,2.06,1.47,1.36,2.45
2025-08-27,10,13.7,10.2,12.2,9.3,3.5,2.8999999999999986,9,8,2025-08-27T01:00:00Z,1821.54,536.43,1.599999999999909,0.599999999999909,2.06,1.52,1.29,2.53
2025-08-27,11,13.9,10.3,12.3,9.3,3.5999999999999996,3,9,7.9,2025-08-27T02:00:00Z,1823.27,537.03,1.7300000000000182,0.6000000000000227,2.12,1.55,1.23,2.58
2025-08-27,12,13.6,9.9,12.3,9.2,3.6999999999999993,3.1000000000000014,9,7.9,2025-08-27T03:00:00Z,1825.1,537.65,1.8299999999999272,0.6200000000000045,2.18,1.6,1.19,2.58
2025-08-27,13,13.8,10.3,12.3,9.2,3.5,3.1000000000000014,9,8,2025-08-27T04:00:00Z,1826.83,538.27,1.7300000000000182,0.6200000000000045,2.06,1.62,1.19,2.61
2025-08-27,14,13.9,10.5,12.3,9.2,3.4000000000000004,3.1000000000000014,9,8,2025-08-27T05:00:00Z,1828.39,538.88,1.5600000000001728,0.6100000000000136,2,1.62,1.28,2.66
2025-08-27,15,13.6,10.2,12.1,9.2,3.4000000000000004,2.9000000000000004,9,8,2025-08-27T06:00:00Z,1829.91,539.48,1.5199999999999818,0.6000000000000227,2,1.52,1.32,2.53
2025-08-27,16,13.4,10.2,12,9.2,3.200000000000001,2.8000000000000007,9,8,2025-08-27T07:00:00Z,1831.24,540.05,1.3299999999999272,0.5699999999999363,1.89,1.47,1.42,2.58
2025-08-27,17,13.1,10.2,11.8,9.2,2.9000000000000004,2.6000000000000014,9,8.1,2025-08-27T08:00:00Z,1832.47,540.59,1.2300000000000182,0.5400000000000773,1.71,1.38,1.39,2.56
2025-08-27,18,11.7,9.5,12.6,10.5,2.1999999999999993,2.0999999999999996,6.6,5.2,2025-08-27T09:00:00Z,1833.32,540.97,0.849999999999909,0.37999999999999545,0.95,0.72,1.12,1.89
2025-08-27,19,11.6,9.7,13.6,11.9,1.9000000000000004,1.6999999999999993,5.2,7.5,2025-08-27T10:00:00Z,1834.03,541.3,0.7100000000000364,0.32999999999992724,0.65,0.84,0.92,2.55
2025-08-27,20,12.3,10,13.8,11.9,2.3000000000000007,1.9000000000000004,6.3,7.4,2025-08-27T11:00:00Z,1834.81,541.63,0.7799999999999727,0.3300000000000409,0.95,0.92,1.22,2.79
2025-08-27,21,11.5,9.5,13.7,12.1,2,1.5999999999999996,7.5,4.9,2025-08-27T12:00:00Z,1835.6,541.94,0.7899999999999636,0.3100000000000591,0.98,0.51,1.24,1.65
2025-08-27,22,16.4,15.9,12.8,11.2,0.4999999999999982,1.6000000000000014,0.2,3.7,2025-08-27T13:00:00Z,1836.3,542.23,0.7000000000000455,0.2899999999999636,0.01,0.39,0.01,1.34
2025-08-27,23,22.5,23.2,13.5,12.4,-0.6999999999999993,1.0999999999999996,0,2.7,2025-08-27T14:00:00Z,1836.92,542.49,0.6200000000001182,0.2599999999999909,-0,0.19,-0,0.73
2025-08-28,0,17.9,16.8,15.9,12.9,1.0999999999999979,3,2.9,3,2025-08-27T15:00:00Z,1837.57,542.76,0.6499999999998636,0.2699999999999818,0.21,0.59,0.32,2.19
2025-08-28,1,11.5,9.8,13.9,11.2,1.6999999999999993,2.700000000000001,3.8,3.3,2025-08-27T16:00:00Z,1838.13,543.04,0.5600000000001728,0.2799999999999727,0.42,0.58,0.75,2.07
2025-08-28,2,16.9,17.1,13.5,11,-0.20000000000000284,2.5,0,2.5,2025-08-27T17:00:00Z,1838.71,543.31,0.5799999999999272,0.2699999999999818,-0,0.41,-0,1.52
2025-08-28,3,22.6,23.9,19,21,-1.2999999999999972,-2,0,0.5,2025-08-27T18:00:00Z,1839.29,543.46,0.5799999999999272,0.15000000000009095,-0,-0.07,-0,-0.47
2025-08-28,4,19.8,19.3,24.4,25.3,0.5,-0.9000000000000021,2.2,0,2025-08-27T19:00:00Z,1839.91,543.58,0.6200000000001182,0.12000000000000455,0.07,-0,0.11,-0
2025-08-28,5,11.4,9.6,21.8,20.3,1.8000000000000007,1.5,4,0.9,2025-08-27T20:00:00Z,1840.47,543.8,0.5599999999999454,0.2199999999999136,0.47,0.09,0.84,0.41
2025-08-28,6,16.7,10.4,16.9,8.9,6.299999999999999,7.999999999999998,2.9,5.3,2025-08-27T21:00:00Z,1841.34,544.26,0.8699999999998909,0.4600000000000364,1.2,2.78,1.38,6.04
2025-08-28,7,15.6,10.3,13.9,9.2,5.299999999999999,4.700000000000001,3.2,7.5,2025-08-27T22:00:00Z,1842.17,544.75,0.8300000000001546,0.4900000000000091,1.11,2.31,1.34,4.71
2025-08-28,8,14.3,10.4,12.1,9.3,3.9000000000000004,2.799999999999999,8.6,8.1,2025-08-27T23:00:00Z,1843.71,545.24,1.5399999999999636,0.4900000000000091,2.2,1.49,1.43,3.04
2025-08-28,9,13.7,10.2,12.1,9.3,3.5,2.799999999999999,9,8.1,2025-08-28T00:00:00Z,1845.18,545.73,1.4700000000000273,0.4900000000000091,2.06,1.49,1.4,3.04
2025-08-28,10,13.5,10.3,11.9,9.3,3.1999999999999993,2.5999999999999996,9,8.1,2025-08-28T01:00:00Z,1846.52,546.21,1.3399999999999181,0.4800000000000182,1.89,1.38,1.41,2.87
2025-08-28,11,13.5,10.3,11.9,9.3,3.1999999999999993,2.5999999999999996,9,8.1,2025-08-28T02:00:00Z,1847.87,546.69,1.349999999999909,0.4800000000000182,1.89,1.38,1.4,2.87
2025-08-28,12,13.6,10.3,12,9.3,3.299999999999999,2.6999999999999993,9,8.1,2025-08-28T03:00:00Z,1849.47,547.17,1.6000000000001364,0.4799999999999045,1.95,1.43,1.22,2.98
2025-08-28,13,13.3,10,11.9,9.3,3.3000000000000007,2.5999999999999996,9,8,2025-08-28T04:00:00Z,1850.99,547.65,1.5199999999999818,0.4800000000000182,1.95,1.36,1.28,2.83
2025-08-28,14,13.2,10.1,11.9,9.3,3.0999999999999996,2.5999999999999996,9,8.1,2025-08-28T05:00:00Z,1852.33,548.11,1.3399999999999181,0.4600000000000364,1.83,1.38,1.37,3
2025-08-28,15,13.2,10.2,11.9,9.3,3,2.5999999999999996,9,8.1,2025-08-28T06:00:00Z,1853.66,548.58,1.3300000000001546,0.4700000000000273,1.77,1.38,1.33,2.94
2025-08-28,16,12.9,10.3,11.8,9.3,2.5999999999999996,2.5,9.1,8.1,2025-08-28T07:00:00Z,1854.72,549.03,1.0599999999999454,0.4499999999999318,1.55,1.33,1.46,2.96
2025-08-28,17,12.5,9.6,11.5,9,2.9000000000000004,2.5,9,8.1,2025-08-28T08:00:00Z,1855.81,549.47,1.0899999999999181,0.44000000000005457,1.71,1.33,1.57,3.02
2025-08-28,18,11.5,9.6,13.2,11.7,1.9000000000000004,1.5,7.8,3.5,2025-08-28T09:00:00Z,1856.55,549.79,0.7400000000000091,0.31999999999993634,0.97,0.34,1.31,1.06
2025-08-28,19,11.3,9.4,13.8,11.9,1.9000000000000004,1.9000000000000004,7.8,5.9,2025-08-28T10:00:00Z,1857.26,550.1,0.7100000000000364,0.3100000000000591,0.97,0.73,1.37,2.35
2025-08-28,20,11.8,10.3,13.4,11.9,1.5,1.5,7.9,4.8,2025-08-28T11:00:00Z,1857.92,550.39,0.6600000000000819,0.2899999999999636,0.78,0.47,1.18,1.62
2025-08-28,21,11.3,9.6,13.3,11.5,1.700000000000001,1.8000000000000007,7.8,6.6,2025-08-28T12:00:00Z,1858.54,550.68,0.6199999999998909,0.2899999999999636,0.87,0.78,1.4,2.69
2025-08-28,22,11.3,9.7,13.3,11.6,1.6000000000000014,1.700000000000001,7.8,4.6,2025-08-28T13:00:00Z,1859.16,550.96,0.6200000000001182,0.2800000000000864,0.82,0.51,1.32,1.82
2025-08-28,23,11.3,9.8,13.3,11.9,1.5,1.4000000000000004,7.8,5.4,2025-08-28T14:00:00Z,1859.74,551.24,0.5799999999999272,0.2799999999999727,0.77,0.5,1.33,1.79
2025-08-29,0,11,9.4,13.3,11.7,1.5999999999999996,1.6000000000000014,7.8,6.2,2025-08-28T15:00:00Z,1860.32,551.53,0.5799999999999272,0.2899999999999636,0.82,0.65,1.41,2.24
2025-08-29,1,11,9.4,13.2,11.8,1.5999999999999996,1.3999999999999986,7.8,4.6,2025-08-28T16:00:00Z,1860.89,551.81,0.5700000000001637,0.2799999999999727,0.82,0.42,1.44,1.5
2025-08-29,2,10.9,9.5,13,11.6,1.4000000000000004,1.4000000000000004,7.8,5,2025-08-28T17:00:00Z,1861.44,552.08,0.5499999999999545,0.2700000000000955,0.72,0.46,1.31,1.7
2025-08-29,3,11.3,9.8,12.9,11.3,1.5,1.5999999999999996,7.8,5.7,2025-08-28T18:00:00Z,1861.99,552.35,0.5499999999999545,0.2699999999999818,0.77,0.6,1.4,2.22
2025-08-29,4,11.1,9.7,12.4,10.9,1.4000000000000004,1.5,7.8,5.2,2025-08-28T19:00:00Z,1862.54,552.63,0.5499999999999545,0.2799999999999727,0.72,0.51,1.31,1.82
2025-08-29,5,10.9,9.5,12.3,10.9,1.4000000000000004,1.4000000000000004,7.8,5.1,2025-08-28T20:00:00Z,1863.09,552.91,0.5499999999999545,0.2799999999999727,0.72,0.47,1.31,1.68
2025-08-29,6,13,10.8,11.2,9.2,2.1999999999999993,2,9.1,7.6,2025-08-28T21:00:00Z,1863.9,553.32,0.8100000000001728,0.41000000000008185,1.31,1,1.62,2.44
2025-08-29,7,12.3,9.9,10.7,8.6,2.4000000000000004,2.0999999999999996,9,8,2025-08-28T22:00:00Z,1864.84,553.74,0.9399999999998272,0.4199999999999591,1.42,1.1,1.51,2.62
2025-08-29,8,13,10.4,11.3,9.3,2.5999999999999996,2,9,8.1,2025-08-28T23:00:00Z,1865.88,554.16,1.040000000000191,0.4199999999999591,1.53,1.06,1.47,2.52
2025-08-29,9,13.7,11,12.6,11.3,2.6999999999999993,1.299999999999999,7,6.3,2025-08-29T00:00:00Z,1866.95,554.53,1.0699999999999363,0.37000000000000455,1.24,0.54,1.16,1.46
2025-08-29,10,14.5,10.6,16.9,14.4,3.9000000000000004,2.4999999999999982,4,3.7,2025-08-29T01:00:00Z,1867.89,554.84,0.9400000000000546,0.3100000000000591,1.02,0.61,1.09,1.97
2025-08-29,11,13.2,10.1,13.5,9.2,3.0999999999999996,4.300000000000001,6.4,7.4,2025-08-29T02:00:00Z,1868.96,555.31,1.0699999999999363,0.4699999999999136,1.3,2.08,1.21,4.43
2025-08-29,12,13.3,10.1,12,9.3,3.200000000000001,2.6999999999999993,6.4,8.1,2025-08-29T03:00:00Z,1870.01,555.8,1.0499999999999545,0.4900000000000091,1.34,1.43,1.28,2.92
2025-08-29,13,13.7,10.2,12,9.3,3.5,2.6999999999999993,8.3,8,2025-08-29T04:00:00Z,1871.42,556.29,1.4100000000000819,0.4900000000000091,1.9,1.42,1.35,2.9
2025-08-29,14,13.4,10.1,12.1,9.3,3.3000000000000007,2.799999999999999,9,8.1,2025-08-29T05:00:00Z,1872.73,556.78,1.3099999999999454,0.4900000000000091,1.95,1.49,1.49,3.04
2025-08-29,15,13.3,10.3,12,9.3,3,2.6999999999999993,9,8.1,2025-08-29T06:00:00Z,1873.83,557.25,1.099999999999909,0.4700000000000273,1.77,1.43,1.61,3.04
2025-08-29,16,13.3,10.5,12,9.3,2.8000000000000007,2.6999999999999993,9,8.1,2025-08-29T07:00:00Z,1874.86,557.72,1.0299999999999727,0.4700000000000273,1.65,1.43,1.6,3.04
2025-08-29,17,12.7,9.9,11.8,9.3,2.799999999999999,2.5,8.5,8,2025-08-29T08:00:00Z,1875.82,558.17,0.9600000000000364,0.4499999999999318,1.56,1.31,1.62,2.91
2025-08-29,18,11.6,9.5,12.6,10.9,2.0999999999999996,1.6999999999999993,5.2,5.2,2025-08-29T09:00:00Z,1876.44,558.49,0.6200000000001182,0.32000000000005,0.72,0.58,1.16,1.81
2025-08-29,19,11.7,9.6,12.8,11.2,2.0999999999999996,1.6000000000000014,5.1,3.5,2025-08-29T10:00:00Z,1877.03,558.77,0.5899999999999181,0.2799999999999727,0.7,0.37,1.19,1.32
2025-08-29,20,11.9,9.5,13.1,11.4,2.4000000000000004,1.6999999999999993,7.8,5.8,2025-08-29T11:00:00Z,1877.86,559.09,0.8299999999999272,0.32000000000005,1.23,0.65,1.48,2.03
2025-08-29,21,11.6,9.7,13.9,11.2,1.9000000000000004,2.700000000000001,5.6,2.8,2025-08-29T12:00:00Z,1878.5,559.35,0.6400000000001,0.2599999999999909,0.7,0.5,1.09,1.92
2025-08-29,22,17.2,17.2,13.6,10.9,0,2.6999999999999993,0,2.9,2025-08-29T13:00:00Z,1879.09,559.62,0.5899999999999181,0.2699999999999818,0,0.51,0,1.89
2025-08-29,23,21.6,22,19.6,21.1,-0.3999999999999986,-1.5,1.1,0.3,2025-08-29T14:00:00Z,1879.68,559.77,0.5900000000001455,0.14999999999997726,-0.03,-0.03,-0.05,-0.2
2025-08-30,0,13,11.6,24.7,25.3,1.4000000000000004,-0.6000000000000014,4.5,0,2025-08-29T15:00:00Z,1880.15,559.89,0.4700000000000273,0.12000000000000455,0.41,-0,0.87,-0
2025-08-30,1,15.3,14.7,23.4,22.3,0.6000000000000014,1.0999999999999979,0.7,1,2025-08-29T16:00:00Z,1880.74,560.07,0.5899999999999181,0.18000000000006366,0.03,0.07,0.05,0.39
2025-08-30,2,21.9,23,14.4,11.6,-1.1000000000000014,2.8000000000000007,0,2.9,2025-08-29T17:00:00Z,1881.24,560.35,0.5,0.2799999999999727,-0,0.53,-0,1.89
2025-08-30,3,24,25,13.6,11.7,-1,1.9000000000000004,0,2.5,2025-08-29T18:00:00Z,1881.75,560.61,0.5099999999999909,0.2599999999999909,-0,0.31,-0,1.19
2025-08-30,4,16.6,15.3,21,23.6,1.3000000000000007,-2.6000000000000014,3.8,0,2025-08-29T19:00:00Z,1882.29,560.74,0.5399999999999636,0.12999999999999545,0.32,-0,0.59,-0
2025-08-30,5,14.1,13.3,24.1,24.7,0.7999999999999989,-0.5999999999999979,2.2,0,2025-08-29T20:00:00Z,1882.8,560.86,0.5099999999999909,0.12000000000000455,0.12,-0,0.24,-0
2025-08-30,6,16.2,9.8,18.1,13.9,6.399999999999999,4.200000000000001,2.9,4.4,2025-08-29T21:00:00Z,1883.85,561.22,1.0499999999999545,0.36000000000001364,1.22,1.21,1.16,3.36
2025-08-30,7,14.3,10.5,14.1,9.4,3.8000000000000007,4.699999999999999,5.4,7.6,2025-08-29T22:00:00Z,1884.86,561.71,1.009999999999991,0.4900000000000091,1.34,2.34,1.33,4.78
2025-08-30,8,14.3,10.7,12.3,9.3,3.6000000000000014,3,8.7,8,2025-08-29T23:00:00Z,1886.48,562.21,1.6200000000001182,0.5,2.05,1.57,1.27,3.14
2025-08-30,9,13.8,10.3,12.3,9.3,3.5,3,9,8,2025-08-30T00:00:00Z,1888.41,562.71,1.9300000000000637,0.5,2.06,1.57,1.07,3.14
2025-08-30,10,14,10.5,12.3,9.3,3.5,3,9,8,2025-08-30T01:00:00Z,1890.42,563.23,2.009999999999991,0.5199999999999818,2.06,1.57,1.02,3.02
2025-08-30,11,13.9,10.3,12.3,9.3,3.5999999999999996,3,9,8,2025-08-30T02:00:00Z,1892.36,563.75,1.9399999999998272,0.5199999999999818,2.12,1.57,1.09,3.02
2025-08-30,12,13.7,10.1,12.3,9.3,3.5999999999999996,3,9,8,2025-08-30T03:00:00Z,1894.32,564.27,1.9600000000000364,0.5199999999999818,2.12,1.57,1.08,3.02
2025-08-30,13,13.5,9.9,12.4,9.3,3.5999999999999996,3.0999999999999996,9,8,2025-08-30T04:00:00Z,1896.22,564.79,1.900000000000091,0.5199999999999818,2.12,1.62,1.12,3.12
2025-08-30,14,13.6,10.2,12.4,9.3,3.4000000000000004,3.0999999999999996,9,8,2025-08-30T05:00:00Z,1897.98,565.31,1.759999999999991,0.5199999999999818,2,1.62,1.14,3.12
2025-08-30,15,13.6,10.2,12.3,9.2,3.4000000000000004,3.1000000000000014,9,8,2025-08-30T06:00:00Z,1899.65,565.82,1.6700000000000728,0.5100000000001046,2,1.62,1.2,3.18
2025-08-30,16,13.3,10.2,12.1,9.3,3.1000000000000014,2.799999999999999,9,8,2025-08-30T07:00:00Z,1901.07,566.31,1.4199999999998454,0.4899999999998954,1.83,1.47,1.29,3
2025-08-30,17,13.1,10.2,11.9,9.3,2.9000000000000004,2.5999999999999996,9,8,2025-08-30T08:00:00Z,1902.21,566.78,1.1400000000001,0.4700000000000273,1.71,1.36,1.5,2.89
2025-08-30,18,11.6,9.4,13.1,11.3,2.1999999999999993,1.799999999999999,6.7,6.6,2025-08-30T09:00:00Z,1902.97,567.12,0.7599999999999909,0.34000000000003183,0.97,0.78,1.28,2.29
2025-08-30,19,11.7,9.6,13.9,11.9,2.0999999999999996,2,5.2,7,2025-08-30T10:00:00Z,1903.66,567.45,0.6900000000000546,0.3300000000000409,0.72,0.92,1.04,2.79
2025-08-30,20,12.2,9.9,13.9,12,2.299999999999999,1.9000000000000004,6.5,7.5,2025-08-30T11:00:00Z,1904.42,567.77,0.7599999999999909,0.31999999999993634,0.98,0.93,1.29,2.91
2025-08-30,21,11.7,9.5,14,12.1,2.1999999999999993,1.9000000000000004,7.8,7.5,2025-08-30T12:00:00Z,1905.22,568.1,0.7999999999999545,0.3300000000000409,1.12,0.93,1.4,2.82
2025-08-30,22,12,10.1,14,12.2,1.9000000000000004,1.8000000000000007,5.6,5.8,2025-08-30T13:00:00Z,1905.87,568.4,0.6499999999998636,0.2999999999999545,0.7,0.68,1.08,2.27
2025-08-30,23,12.9,11.2,14.2,12.5,1.700000000000001,1.6999999999999993,3,3.6,2025-08-30T14:00:00Z,1906.48,568.7,0.6100000000001273,0.3000000000000682,0.33,0.4,0.54,1.33
2025-08-31,0,15.5,14.3,14,11.7,1.1999999999999993,2.3000000000000007,3,4.8,2025-08-30T15:00:00Z,1907.09,568.99,0.6099999999999,0.2899999999999636,0.24,0.72,0.39,2.48
2025-08-31,1,12.4,11,13.6,11,1.4000000000000004,2.5999999999999996,4.4,3.1,2025-08-30T16:00:00Z,1907.48,569.26,0.39000000000010004,0.2699999999999818,0.4,0.53,1.03,1.96
2025-08-31,2,15.7,15.3,13.6,11.3,0.3999999999999986,2.299999999999999,0.7,2.9,2025-08-30T17:00:00Z,1908.07,569.53,0.5899999999999181,0.2699999999999818,0.02,0.44,0.03,1.63
2025-08-31,3,22.1,23.3,19.3,20.6,-1.1999999999999993,-1.3000000000000007,0,0.6,2025-08-30T18:00:00Z,1908.56,569.67,0.4900000000000091,0.13999999999998636,-0,-0.05,-0,-0.36
2025-08-31,4,23.8,24.6,24.7,25.3,-0.8000000000000007,-0.6000000000000014,0.8,0,2025-08-30T19:00:00Z,1909.09,569.79,0.5299999999999727,0.12000000000000455,-0.04,-0,-0.08,-0
2025-08-31,5,12,9.9,23.1,22.1,2.0999999999999996,1,4.4,1,2025-08-30T20:00:00Z,1909.72,569.98,0.6300000000001091,0.19000000000005457,0.61,0.07,0.97,0.37
2025-08-31,6,15.8,10.5,18.7,13.2,5.300000000000001,5.5,4.1,3.7,2025-08-30T21:00:00Z,1910.66,570.3,0.9400000000000546,0.31999999999993634,1.42,1.33,1.51,4.16
2025-08-31,7,15.6,10,14.8,10.5,5.6,4.300000000000001,3.5,7.4,2025-08-30T22:00:00Z,1911.67,570.78,1.009999999999991,0.4800000000000182,1.28,2.08,1.27,4.33
2025-08-31,8,14.3,10.6,12.3,9.3,3.700000000000001,3,8.4,8,2025-08-30T23:00:00Z,1913.35,571.27,1.6799999999998363,0.4900000000000091,2.04,1.57,1.21,3.2
2025-08-31,9,13.8,10,12.3,9.3,3.8000000000000007,3,9,8,2025-08-31T00:00:00Z,1915.29,571.78,1.9400000000000546,0.5099999999999909,2.24,1.57,1.15,3.08
2025-08-31,10,13.8,10.3,12.2,9.3,3.5,2.8999999999999986,9,8,2025-08-31T01:00:00Z,1917.28,572.3,1.990000000000009,0.5199999999999818,2.06,1.52,1.04,2.92
2025-08-31,11,13.7,10.1,12.3,9.3,3.5999999999999996,3,9,8,2025-08-31T02:00:00Z,1919.23,572.82,1.9500000000000455,0.5200000000000955,2.12,1.57,1.09,3.02
2025-08-31,12,13.7,10,12.2,9.3,3.6999999999999993,2.8999999999999986,9,8,2025-08-31T03:00:00Z,1921.18,573.35,1.9500000000000455,0.5299999999999727,2.18,1.52,1.12,2.87
2025-08-31,13,13.5,9.9,12.3,9.2,3.5999999999999996,3.1000000000000014,9,8,2025-08-31T04:00:00Z,1923.03,573.87,1.849999999999909,0.5199999999999818,2.12,1.62,1.15,3.12
2025-08-31,14,13.6,10.2,12.2,9.2,3.4000000000000004,3,9,8,2025-08-31T05:00:00Z,1924.68,574.4,1.650000000000091,0.5299999999999727,2,1.57,1.21,2.96
2025-08-31,15,13.4,10.1,12.2,9.2,3.3000000000000007,3,9,8,2025-08-31T06:00:00Z,1926.14,574.92,1.4600000000000364,0.5199999999999818,1.95,1.57,1.34,3.02
2025-08-31,16,13.4,10.2,12.1,9.2,3.200000000000001,2.9000000000000004,9,8,2025-08-31T07:00:00Z,1927.44,575.42,1.2999999999999545,0.5,1.89,1.52,1.45,3.04
2025-08-31,17,13.2,10.4,11.9,9.3,2.799999999999999,2.5999999999999996,9,8,2025-08-31T08:00:00Z,1928.5,575.89,1.0599999999999454,0.4700000000000273,1.65,1.36,1.56,2.89
2025-08-31,18,11.7,9.5,12.7,10.7,2.1999999999999993,2,7.8,4.1,2025-08-31T09:00:00Z,1929.3,576.24,0.7999999999999545,0.35000000000002274,1.12,0.54,1.4,1.54
2025-08-31,19,12.2,10.3,13.9,11.9,1.8999999999999986,2,5.4,6.3,2025-08-31T10:00:00Z,1929.94,576.59,0.6400000000001,0.35000000000002274,0.67,0.83,1.05,2.37
2025-08-31,20,12.4,10.2,14,12,2.200000000000001,2,5.7,7,2025-08-31T11:00:00Z,1930.61,576.92,0.6699999999998454,0.32999999999992724,0.82,0.92,1.22,2.79
2025-08-31,21,12,9.7,13.9,12,2.3000000000000007,1.9000000000000004,7.8,7,2025-08-31T12:00:00Z,1931.46,577.25,0.8500000000001364,0.3300000000000409,1.18,0.87,1.39,2.64
2025-08-31,22,11.8,9.7,13.9,12.1,2.1000000000000014,1.8000000000000007,7.8,7.2,2025-08-31T13:00:00Z,1932.27,577.57,0.8099999999999454,0.32000000000005,1.07,0.85,1.32,2.66
2025-08-31,23,12,10.1,13.9,12.1,1.9000000000000004,1.8000000000000007,5.6,6,2025-08-31T14:00:00Z,1932.94,577.88,0.6700000000000728,0.30999999999994543,0.7,0.71,1.04,2.29
2025-09-01,0,11.8,9.9,14.3,11.9,1.9000000000000004,2.4000000000000004,4.3,3.4,2025-08-31T15:00:00Z,1933.54,578.17,0.599999999999909,0.2899999999999636,0.54,0.53,0.9,1.83
2025-09-01,1,12.9,11.1,13.7,11.2,1.8000000000000007,2.5,4.5,2.7,2025-08-31T16:00:00Z,1934.08,578.43,0.5399999999999636,0.2599999999999909,0.53,0.44,0.98,1.69
2025-09-01,2,12.2,10.9,13.9,11.3,1.299999999999999,2.5999999999999996,4.4,3.1,2025-08-31T17:00:00Z,1934.46,578.7,0.38000000000010914,0.2700000000000955,0.37,0.53,0.97,1.96
2025-09-01,3,17.1,17.1,13.4,11,0,2.4000000000000004,0,2.8,2025-08-31T18:00:00Z,1935.11,578.97,0.6499999999998636,0.2699999999999818,0,0.44,0,1.63
2025-09-01,4,23,24.2,15.1,15.1,-1.1999999999999993,0,0,1.6,2025-08-31T19:00:00Z,1935.65,579.18,0.540000000000191,0.2099999999999227,-0,0,-0,0
2025-09-01,5,16.9,15.8,24.3,26,1.0999999999999979,-1.6999999999999993,3.3,0,2025-08-31T20:00:00Z,1936.29,579.3,0.6399999999998727,0.12000000000000455,0.24,-0,0.38,-0
2025-09-01,6,14.4,10.9,19.3,14.2,3.5,5.100000000000001,6.5,4.1,2025-08-31T21:00:00Z,1937.28,579.65,0.9900000000000091,0.35000000000002274,1.49,1.37,1.51,3.91
2025-09-01,7,13.7,10.2,14.2,9.5,3.5,4.699999999999999,6.4,7.6,2025-08-31T22:00:00Z,1938.3,580.16,1.0199999999999818,0.5099999999999909,1.47,2.34,1.44,4.59
2025-09-01,8,14.1,10.5,12.2,9.4,3.5999999999999996,2.799999999999999,8.4,8,2025-08-31T23:00:00Z,1939.76,580.66,1.4600000000000364,0.5,1.98,1.47,1.36,2.94
2025-09-01,9,13.9,10.4,12.2,9.3,3.5,2.8999999999999986,9,8,2025-09-01T00:00:00Z,1941.35,581.18,1.5899999999999181,0.5199999999999818,2.06,1.52,1.3,2.92
2025-09-01,10,13.7,10.2,12.2,9.3,3.5,2.8999999999999986,9,8,2025-09-01T01:00:00Z,1943.01,581.7,1.6600000000000819,0.5200000000000955,2.06,1.52,1.24,2.92
2025-09-01,11,13.8,10.2,12.3,9.3,3.6000000000000014,3,9,8,2025-09-01T02:00:00Z,1944.78,582.23,1.7699999999999818,0.5299999999999727,2.12,1.57,1.2,2.96
2025-09-01,12,13.8,10.2,12.3,9.3,3.6000000000000014,3,9,8,2025-09-01T03:00:00Z,1946.53,582.75,1.75,0.5199999999999818,2.12,1.57,1.21,3.02
2025-09-01,13,13.7,10.2,12.4,9.3,3.5,3.0999999999999996,9,8,2025-09-01T04:00:00Z,1948.19,583.28,1.6600000000000819,0.5299999999999727,2.06,1.62,1.24,3.06
2025-09-01,14,13.7,10.2,12.4,9.3,3.5,3.0999999999999996,9,8,2025-09-01T05:00:00Z,1949.75,583.8,1.5599999999999454,0.5199999999999818,2.06,1.62,1.32,3.12
2025-09-01,15,13.6,10.2,12.4,9.3,3.4000000000000004,3.0999999999999996,9,8,2025-09-01T06:00:00Z,1951.13,584.31,1.3800000000001091,0.5099999999999909,2,1.62,1.45,3.18
2025-09-01,16,13.3,10,12.2,9.3,3.3000000000000007,2.8999999999999986,9,8,2025-09-01T07:00:00Z,1952.43,584.81,1.2999999999999545,0.5,1.95,1.52,1.5,3.04
2025-09-01,17,13.2,10.4,12,9.3,2.799999999999999,2.6999999999999993,9,8.1,2025-09-01T08:00:00Z,1953.49,585.28,1.0599999999999454,0.4700000000000273,1.65,1.43,1.56,3.04
2025-09-01,18,11.9,9.6,13,11.1,2.3000000000000007,1.9000000000000004,7.5,5.8,2025-09-01T09:00:00Z,1954.28,585.61,0.7899999999999636,0.3300000000000409,1.13,0.72,1.43,2.18
2025-09-01,19,11.8,9.8,13.8,11.9,2,1.9000000000000004,5.2,5.8,2025-09-01T10:00:00Z,1954.95,585.94,0.6700000000000728,0.3300000000000409,0.68,0.72,1.01,2.18
2025-09-01,20,12.3,10.2,14.1,12.2,2.1000000000000014,1.9000000000000004,5.5,6.1,2025-09-01T11:00:00Z,1955.64,586.27,0.6900000000000546,0.32999999999992724,0.76,0.76,1.1,2.3
2025-09-01,21,11.9,9.6,14,12.1,2.3000000000000007,1.9000000000000004,7.8,7.3,2025-09-01T12:00:00Z,1956.48,586.59,0.8399999999999181,0.32000000000005,1.18,0.91,1.4,2.84
2025-09-01,22,13.4,11.9,14.2,12.1,1.5,2.0999999999999996,3.6,7.2,2025-09-01T13:00:00Z,1957.32,586.91,0.8399999999999181,0.31999999999993634,0.35,0.99,0.42,3.09
2025-09-01,23,20.9,21.5,14,12.2,-0.6000000000000014,1.8000000000000007,0,3.3,2025-09-01T14:00:00Z,1957.94,587.21,0.6200000000001182,0.3000000000000682,-0,0.39,-0,1.3
2025-09-02,0,21,20.6,14,12.1,0.3999999999999986,1.9000000000000004,1.8,5.9,2025-09-01T15:00:00Z,1958.7,587.53,0.7599999999999909,0.31999999999993634,0.05,0.73,0.07,2.28
2025-09-02,1,10.9,9.1,19.1,20.5,1.8000000000000007,-1.3999999999999986,4.3,0.5,2025-09-01T16:00:00Z,1959.25,587.67,0.5499999999999545,0.13999999999998636,0.51,-0.05,0.93,-0.36
2025-09-02,2,15.8,15.6,24.4,25.4,0.20000000000000107,-1,0.2,0,2025-09-01T17:00:00Z,1959.85,587.79,0.599999999999909,0.12000000000000455,0,-0,0,-0
2025-09-02,3,22.2,23.2,17.9,14.8,-1,3.099999999999998,0,3.3,2025-09-01T18:00:00Z,1960.43,588.06,0.5800000000001546,0.2699999999999818,-0,0.67,-0,2.48
2025-09-02,4,20.4,20.1,13.8,11.4,0.29999999999999716,2.4000000000000004,2.1,3.1,2025-09-01T19:00:00Z,1961.11,588.34,0.6799999999998363,0.2800000000000864,0.04,0.49,0.06,1.75
2025-09-02,5,11.8,10.2,14,11.5,1.6000000000000014,2.5,4.4,3,2025-09-01T20:00:00Z,1961.59,588.61,0.4800000000000182,0.2699999999999818,0.46,0.49,0.96,1.81
2025-09-02,6,15,10.5,18.7,13,4.5,5.699999999999999,5.4,4.2,2025-09-01T21:00:00Z,1962.59,588.93,1,0.31999999999993634,1.59,1.57,1.59,4.91
2025-09-02,7,16,10.5,14.9,10.5,5.5,4.4,2.9,7.6,2025-09-01T22:00:00Z,1963.45,589.42,0.8600000000001273,0.4900000000000091,1.05,2.19,1.22,4.47
2025-09-02,8,14.9,11,12.2,9.3,3.9000000000000004,2.8999999999999986,8.8,8,2025-09-01T23:00:00Z,1965.17,589.93,1.7200000000000273,0.5099999999999909,2.25,1.52,1.31,2.98
2025-09-02,9,13.8,10.2,12.2,9.3,3.6000000000000014,2.8999999999999986,9,8,2025-09-02T00:00:00Z,1966.83,590.42,1.6599999999998545,0.4900000000000091,2.12,1.52,1.28,3.1
2025-09-02,10,13.8,10.3,12.3,9.3,3.5,3,9,8,2025-09-02T01:00:00Z,1968.52,590.93,1.6900000000000546,0.5099999999999909,2.06,1.57,1.22,3.08
2025-09-02,11,13.8,10.3,12.3,9.4,3.5,2.9000000000000004,9,7,2025-09-02T02:00:00Z,1970.11,591.4,1.5899999999999181,0.4700000000000273,2.06,1.33,1.3,2.83
2025-09-02,12,13.7,10.2,12.3,9.3,3.5,3,9,8,2025-09-02T03:00:00Z,1971.84,591.92,1.7300000000000182,0.5199999999999818,2.06,1.57,1.19,3.02
2025-09-02,13,13.7,10.3,12.4,9.3,3.3999999999999986,3.0999999999999996,9,8,2025-09-02T04:00:00Z,1973.48,592.44,1.6400000000001,0.5200000000000955,2,1.62,1.22,3.12
2025-09-02,14,13.7,10.4,12.3,9.3,3.299999999999999,3,9,7.9,2025-09-02T05:00:00Z,1975.04,592.99,1.5599999999999454,0.5499999999999545,1.95,1.55,1.25,2.82
2025-09-02,15,14.3,10.6,14.4,12,3.700000000000001,2.4000000000000004,7.2,5.8,2025-09-02T06:00:00Z,1976.39,593.36,1.3500000000001364,0.37000000000000455,1.75,0.91,1.3,2.46
2025-09-02,16,13.2,10,16.7,13.1,3.1999999999999993,3.5999999999999996,8.9,5.7,2025-09-02T07:00:00Z,1977.68,593.68,1.2899999999999636,0.31999999999993634,1.87,1.34,1.45,4.19
2025-09-02,17,13.1,10.4,16.3,12.4,2.6999999999999993,3.9000000000000004,9,3.3,2025-09-02T08:00:00Z,1978.77,593.97,1.0899999999999181,0.2900000000000773,1.59,0.84,1.46,2.9
2025-09-02,18,11.6,9.4,15,12.4,2.1999999999999993,2.5999999999999996,6.6,3.6,2025-09-02T09:00:00Z,1979.51,594.26,0.7400000000000091,0.2899999999999636,0.95,0.61,1.28,2.1
2025-09-02,19,12,10.2,14.3,11.9,1.8000000000000007,2.4000000000000004,5.2,6.7,2025-09-02T10:00:00Z,1980.17,594.6,0.6600000000000819,0.34000000000003183,0.61,1.05,0.92,3.09
2025-09-02,20,12.4,10,13.9,11.6,2.4000000000000004,2.3000000000000007,6.6,6,2025-09-02T11:00:00Z,1980.97,594.96,0.7999999999999545,0.36000000000001364,1.04,0.9,1.3,2.5
2025-09-02,21,11.7,10.1,13.8,11.9,1.5999999999999996,1.9000000000000004,5.3,3.5,2025-09-02T12:00:00Z,1981.55,595.3,0.5799999999999272,0.33999999999991815,0.56,0.44,0.97,1.29
2025-09-02,22,16.1,15.4,14,12,0.7000000000000011,2,1.1,5.1,2025-09-02T13:00:00Z,1982.4,595.63,0.8500000000001364,0.3300000000000409,0.05,0.67,0.06,2.03
2025-09-02,23,23,23.8,13.9,11.9,-0.8000000000000007,2,0,4.8,2025-09-02T14:00:00Z,1983.09,595.96,0.6899999999998272,0.3300000000000409,-0,0.63,-0,1.91
2025-09-03,0,12.8,10.8,13.9,12,2,1.9000000000000004,4.5,4.7,2025-09-02T15:00:00Z,1983.8,596.29,0.7100000000000364,0.32999999999992724,0.59,0.59,0.83,1.79
2025-09-03,1,13.2,12.5,14.1,12.2,0.6999999999999993,1.9000000000000004,2.2,3.5,2025-09-02T16:00:00Z,1984.34,596.58,0.5399999999999636,0.2900000000000773,0.1,0.44,0.19,1.52
2025-09-03,2,20.3,21.5,13.4,11.7,-1.1999999999999993,1.700000000000001,0,4.7,2025-09-02T17:00:00Z,1984.86,596.88,0.5199999999999818,0.2999999999999545,-0,0.52,-0,1.73
2025-09-03,3,23.6,24.7,12.9,11.4,-1.0999999999999979,1.5,0,3.5,2025-09-02T18:00:00Z,1985.49,597.15,0.6300000000001091,0.2699999999999818,-0,0.34,-0,1.26
2025-09-03,4,14.6,12.8,19.4,19.8,1.799999999999999,-0.40000000000000213,3.8,1.4,2025-09-02T19:00:00Z,1986.16,597.33,0.6700000000000728,0.18000000000006366,0.45,-0.04,0.67,-0.22
2025-09-03,5,12.2,10.8,14.4,11.5,1.3999999999999986,2.9000000000000004,2.9,3.3,2025-09-02T20:00:00Z,1986.73,597.62,0.5699999999999363,0.2899999999999636,0.27,0.63,0.47,2.17
2025-09-03,6,17,10.7,19,12.8,6.300000000000001,6.199999999999999,2.7,2.3,2025-09-02T21:00:00Z,1987.73,597.93,1,0.30999999999994543,1.11,0.93,1.11,3
2025-09-03,7,15.3,10.7,15.6,11,4.600000000000001,4.6,7,6.5,2025-09-02T22:00:00Z,1989.27,598.41,1.5399999999999636,0.4800000000000182,2.11,1.96,1.37,4.08
2025-09-03,8,13.8,10.1,12.2,9.3,3.700000000000001,2.8999999999999986,9,8,2025-09-02T23:00:00Z,1990.91,598.93,1.6400000000001,0.5199999999999818,2.18,1.52,1.33,2.92
2025-09-03,9,13.8,10.2,12.2,9.3,3.6000000000000014,2.8999999999999986,9,8,2025-09-03T00:00:00Z,1992.65,599.45,1.740000000000009,0.5200000000000955,2.12,1.52,1.22,2.92
2025-09-03,10,13.7,10,12.2,9.3,3.6999999999999993,2.8999999999999986,9,8,2025-09-03T01:00:00Z,1994.54,599.97,1.8899999999998727,0.5199999999999818,2.18,1.52,1.15,2.92
2025-09-03,11,13.9,10.4,12.3,9.3,3.5,3,9,8,2025-09-03T02:00:00Z,1996.24,600.49,1.7000000000000455,0.5199999999999818,2.06,1.57,1.21,3.02
2025-09-03,12,13.7,10.1,12.3,9.3,3.5999999999999996,3,9,8,2025-09-03T03:00:00Z,1997.93,601.02,1.6900000000000546,0.5299999999999727,2.12,1.57,1.25,2.96
2025-09-03,13,13.6,10.3,12.2,9.3,3.299999999999999,2.8999999999999986,9,8,2025-09-03T04:00:00Z,1999.33,601.52,1.3999999999998636,0.5,1.95,1.52,1.39,3.04
2025-09-03,14,13.6,10.5,12.1,9.3,3.0999999999999996,2.799999999999999,9,8,2025-09-03T05:00:00Z,2000.64,602.02,1.3100000000001728,0.5,1.83,1.47,1.4,2.94
2025-09-03,15,13.3,10.1,12.1,9.3,3.200000000000001,2.799999999999999,9,8,2025-09-03T06:00:00Z,2001.91,602.49,1.2699999999999818,0.4700000000000273,1.89,1.47,1.49,3.13
2025-09-03,16,13.3,10.4,12,9.3,2.9000000000000004,2.6999999999999993,9,8,2025-09-03T07:00:00Z,2003.04,602.95,1.1299999999998818,0.4600000000000364,1.71,1.42,1.51,3.09
2025-09-03,17,12.7,9.8,11.8,9.3,2.8999999999999986,2.5,8.9,8,2025-09-03T08:00:00Z,2004.14,603.4,1.1000000000001364,0.4499999999999318,1.69,1.31,1.54,2.91
2025-09-03,18,11.5,9.3,13.1,11.2,2.1999999999999993,1.9000000000000004,5.7,3.9,2025-09-03T09:00:00Z,2004.85,603.73,0.709999999999809,0.3300000000000409,0.82,0.49,1.15,1.48
2025-09-03,19,12.2,10.6,13.9,12.1,1.5999999999999996,1.8000000000000007,5.2,4.2,2025-09-03T10:00:00Z,2005.48,604.04,0.6300000000001091,0.30999999999994543,0.55,0.5,0.87,1.61
2025-09-03,20,12,9.6,13.8,12,2.4000000000000004,1.8000000000000007,7.4,6.9,2025-09-03T11:00:00Z,2006.36,604.36,0.8799999999998818,0.32000000000005,1.16,0.81,1.32,2.53
2025-09-03,21,11.8,9.8,13.9,12.3,2,1.5999999999999996,7.4,7.6,2025-09-03T12:00:00Z,2007.12,604.69,0.7599999999999909,0.3300000000000409,0.97,0.8,1.28,2.42
2025-09-03,22,15.3,14.5,14.1,12.1,0.8000000000000007,2,1.3,7,2025-09-03T13:00:00Z,2007.74,605.01,0.6200000000001182,0.31999999999993634,0.07,0.92,0.11,2.88
2025-09-03,23,22,23.1,13.6,10.9,-1.1000000000000014,2.6999999999999993,0,2.7,2025-09-03T14:00:00Z,2008.31,605.27,0.5699999999999363,0.2599999999999909,-0,0.48,-0,1.85
2025-09-04,0,14.6,13.1,19.9,22.2,1.5,-2.3000000000000007,3.8,0.1,2025-09-03T15:00:00Z,2008.89,605.4,0.5800000000001546,0.12999999999999545,0.37,-0.02,0.64,-0.15
2025-09-04,1,12.4,11,24.1,24.9,1.4000000000000004,-0.7999999999999972,2.9,0,2025-09-03T16:00:00Z,2009.43,605.52,0.5399999999999636,0.12000000000000455,0.27,-0,0.5,-0
2025-09-04,2,19.7,20.3,22.9,22.1,-0.6000000000000014,0.7999999999999972,0,1.4,2025-09-03T17:00:00Z,2009.96,605.72,0.5299999999999727,0.20000000000004547,-0,0.07,-0,0.35
2025-09-04,3,23.3,24.3,14.3,11.7,-1,2.6000000000000014,0,3.5,2025-09-03T18:00:00Z,2010.51,606.02,0.5499999999999545,0.2999999999999545,-0,0.6,-0,2
2025-09-04,4,17,15.8,13.5,11,1.1999999999999993,2.5,3,2.6,2025-09-03T19:00:00Z,2011.15,606.28,0.6400000000001,0.2599999999999909,0.24,0.43,0.37,1.65
2025-09-04,5,12.5,11.2,19,20.6,1.3000000000000007,-1.6000000000000014,3.7,0.6,2025-09-03T20:00:00Z,2011.65,606.42,0.5,0.13999999999998636,0.32,-0.06,0.64,-0.43
2025-09-04,6,16.4,10.7,19,18.2,5.699999999999999,0.8000000000000007,2.7,2.6,2025-09-03T21:00:00Z,2012.49,606.64,0.8399999999999181,0.22000000000002728,1.01,0.14,1.2,0.64
2025-09-04,7,14.6,10.7,15.2,12.1,3.9000000000000004,3.0999999999999996,4.4,6.3,2025-09-03T22:00:00Z,2013.36,607.12,0.8699999999998909,0.4800000000000182,1.12,1.28,1.29,2.67
2025-09-04,8,13.8,10.1,12.1,9.3,3.700000000000001,2.799999999999999,8.1,7.9,2025-09-03T23:00:00Z,2014.58,607.62,1.2200000000000273,0.5,1.96,1.45,1.61,2.9
2025-09-04,9,13.4,10.2,12,9.3,3.200000000000001,2.6999999999999993,9,8,2025-09-04T00:00:00Z,2015.76,608.1,1.1800000000000637,0.4800000000000182,1.89,1.42,1.6,2.96
2025-09-04,10,13.4,10.4,12,9.3,3,2.6999999999999993,9,8,2025-09-04T01:00:00Z,2016.91,608.58,1.150000000000091,0.4800000000000182,1.77,1.42,1.54,2.96
2025-09-04,11,13.3,10.3,11.9,9.3,3,2.5999999999999996,9,8,2025-09-04T02:00:00Z,2018.02,609.05,1.1099999999999,0.4699999999999136,1.77,1.36,1.59,2.89
2025-09-04,12,13.3,10.3,12,9.3,3,2.6999999999999993,9,8.1,2025-09-04T03:00:00Z,2019.16,609.51,1.1400000000001,0.4600000000000364,1.77,1.43,1.55,3.11
2025-09-04,13,13.3,10.3,12,9.3,3,2.6999999999999993,9,8,2025-09-04T04:00:00Z,2020.28,609.98,1.1199999999998909,0.4700000000000273,1.77,1.42,1.58,3.02
2025-09-04,14,13.2,10.5,11.8,9.3,2.6999999999999993,2.5,9,8,2025-09-04T05:00:00Z,2021.28,610.43,1,0.4499999999999318,1.59,1.31,1.59,2.91
2025-09-04,15,12.9,10,11.8,9.3,2.9000000000000004,2.5,8.9,8,2025-09-04T06:00:00Z,2022.28,610.88,1,0.4500000000000455,1.69,1.31,1.69,2.91
2025-09-04,16,12.3,9.6,11.7,9.3,2.700000000000001,2.3999999999999986,9,8,2025-09-04T07:00:00Z,2023.2,611.32,0.9200000000000728,0.44000000000005457,1.59,1.26,1.73,2.86
2025-09-04,17,12.2,9.7,11.3,8.9,2.5,2.4000000000000004,7.1,7.6,2025-09-04T08:00:00Z,2024.01,611.73,0.8099999999999454,0.40999999999996817,1.16,1.2,1.43,2.93
2025-09-04,18,11.9,10,12.9,11.5,1.9000000000000004,1.4000000000000004,5.3,3.8,2025-09-04T09:00:00Z,2024.63,612.02,0.6200000000001182,0.2899999999999636,0.66,0.35,1.06,1.21
2025-09-04,19,12,9.8,16.7,18.4,2.1999999999999993,-1.6999999999999993,6.2,0.9,2025-09-04T10:00:00Z,2025.27,612.19,0.6399999999998727,0.17000000000007276,0.89,-0.1,1.39,-0.59
2025-09-04,20,11.9,10.3,16.8,14,1.5999999999999996,2.8000000000000007,3.7,2.2,2025-09-04T11:00:00Z,2025.74,612.47,0.4700000000000273,0.2799999999999727,0.39,0.4,0.83,1.43
2025-09-04,21,18.2,18.5,13.7,11.1,-0.3000000000000007,2.5999999999999996,0,3,2025-09-04T12:00:00Z,2026.33,612.75,0.5899999999999181,0.2799999999999727,-0,0.51,-0,1.82
2025-09-04,22,22.8,23.9,13.5,11,-1.0999999999999979,2.5,0,2.6,2025-09-04T13:00:00Z,2026.83,613.01,0.5,0.2599999999999909,-0,0.43,-0,1.65
2025-09-04,23,21.4,21.3,20,21.6,0.09999999999999787,-1.6000000000000014,1.5,0.6,2025-09-04T14:00:00Z,2027.42,613.16,0.5900000000001455,0.14999999999997726,0.01,-0.06,0.02,-0.4
2025-09-05,0,12.3,10.8,24.6,25.4,1.5,-0.7999999999999972,4.4,0,2025-09-04T15:00:00Z,2027.8,613.28,0.37999999999988177,0.12000000000000455,0.43,-0,1.13,-0
2025-09-05,1,15.3,14.8,21.7,20.4,0.5,1.3000000000000007,1.5,2.1,2025-09-04T16:00:00Z,2028.35,613.49,0.5499999999999545,0.21000000000003638,0.05,0.18,0.09,0.86
2025-09-05,2,21.9,23,14.5,12.1,-1.1000000000000014,2.4000000000000004,0,3.7,2025-09-04T17:00:00Z,2028.84,613.78,0.4900000000000091,0.2899999999999636,-0,0.58,-0,2
2025-09-05,3,21.1,21,12.5,9.2,0.10000000000000142,3.3000000000000007,1.6,2.9,2025-09-04T18:00:00Z,2029.4,614.05,0.5600000000001728,0.2699999999999818,0.01,0.63,0.02,2.33
2025-09-05,4,11.8,10.3,11.8,9.1,1.5,2.700000000000001,4.4,1.8,2025-09-04T19:00:00Z,2029.85,614.26,0.4499999999998181,0.21000000000003638,0.43,0.32,0.96,1.52
2025-09-05,5,16.9,17.3,11.8,9.1,-0.40000000000000213,2.700000000000001,0,0,2025-09-04T20:00:00Z,2030.36,614.38,0.5099999999999909,0.12000000000000455,-0,0,-0,0
2025-09-05,6,16.4,13.5,11.9,9.2,2.8999999999999986,2.700000000000001,3,5.1,2025-09-04T21:00:00Z,2030.96,614.8,0.6000000000001364,0.4199999999999591,0.57,0.9,0.95,2.14
2025-09-05,7,15.7,12,11.9,9.2,3.6999999999999993,2.700000000000001,4.9,7.5,2025-09-04T22:00:00Z,2031.74,615.28,0.7799999999999727,0.4800000000000182,1.19,1.33,1.53,2.77
2025-09-05,8,13.6,10.5,12,9.2,3.0999999999999996,2.8000000000000007,9.1,7.9,2025-09-04T23:00:00Z,2032.66,615.73,0.9200000000000728,0.4500000000000455,1.85,1.45,2.01,3.22
2025-09-05,9,13,9.9,12.1,9.2,3.0999999999999996,2.9000000000000004,7.8,6.9,2025-09-05T00:00:00Z,2033.51,616.16,0.849999999999909,0.42999999999995,1.58,1.31,1.86,3.05
2025-09-05,10,12.6,9.7,12.1,9.2,2.9000000000000004,2.9000000000000004,7.2,6.3,2025-09-05T01:00:00Z,2034.32,616.59,0.8099999999999454,0.43000000000006366,1.37,1.2,1.69,2.79
2025-09-05,11,12.9,9.8,12,9.2,3.0999999999999996,2.8000000000000007,8.4,7.2,2025-09-05T02:00:00Z,2035.26,617.04,0.9400000000000546,0.4499999999999318,1.71,1.32,1.82,2.93
2025-09-05,12,12.6,9.8,11.8,9.2,2.799999999999999,2.6000000000000014,9,8,2025-09-05T03:00:00Z,2036.17,617.47,0.9100000000000819,0.43000000000006366,1.65,1.36,1.81,3.16
2025-09-05,13,12.4,9.8,12,10.1,2.5999999999999996,1.9000000000000004,7.5,7,2025-09-05T04:00:00Z,2036.91,617.86,0.7400000000000091,0.38999999999998636,1.28,0.87,1.73,2.23
2025-09-05,14,12.3,10.6,12.5,11,1.700000000000001,1.5,7.3,6.3,2025-09-05T05:00:00Z,2037.5,618.17,0.5899999999999181,0.30999999999994543,0.81,0.62,1.37,2
2025-09-05,15,12.3,9.7,12.5,11,2.6000000000000014,1.5,7.2,4.1,2025-09-05T06:00:00Z,2038.19,618.46,0.6900000000000546,0.2900000000000773,1.23,0.4,1.78,1.38
2025-09-05,16,12.6,9.6,NA,NA,3,NA,6.6,4.3,2025-09-05T07:00:00Z,2038.92,618.73,0.7300000000000182,0.2699999999999818,1.3,NA,1.78,NA
2025-09-05,17,11.4,9.3,NA,NA,2.0999999999999996,NA,3.8,4.7,2025-09-05T08:00:00Z,2039.45,619.03,0.5299999999999727,0.2999999999999545,0.52,NA,0.98,NA
2025-09-05,18,16.1,15.7,NA,NA,0.40000000000000213,NA,0.2,2.7,2025-09-05T09:00:00Z,2039.95,619.23,0.5,0.20000000000004547,0.01,NA,0.02,NA
2025-09-05,19,20.9,21.9,NA,NA,-1,NA,0,0,2025-09-05T10:00:00Z,2040.42,619.35,0.4700000000000273,0.12000000000000455,-0,NA,-0,NA
2025-09-05,20,22.6,23.6,NA,NA,-1,NA,0,0,2025-09-05T11:00:00Z,2040.88,619.47,0.4600000000000364,0.12000000000000455,-0,NA,-0,NA
2025-09-05,21,18.6,17.9,NA,NA,0.7000000000000028,NA,2.3,NA,2025-09-05T12:00:00Z,2041.41,619.59,0.5299999999999727,0.12000000000000455,0.11,NA,0.21,NA
2025-09-05,22,12.7,11.5,NA,NA,1.1999999999999993,NA,2.2,0,2025-09-05T13:00:00Z,2041.89,619.71,0.4800000000000182,0.12000000000000455,0.17,NA,0.35,NA
2025-09-05,23,18.5,19.4,NA,NA,-0.8999999999999986,NA,0,0,2025-09-05T14:00:00Z,2042.34,619.84,0.4499999999998181,0.12999999999999545,-0,NA,-0,NA
2025-09-06,0,21.2,22.3,NA,NA,-1.1000000000000014,NA,0,0.9,2025-09-05T15:00:00Z,2042.79,620.07,0.4500000000000455,0.2300000000000182,-0,NA,-0,NA
2025-09-06,1,22.1,23,NA,NA,-0.8999999999999986,NA,0,3.2,2025-09-05T16:00:00Z,2043.23,620.36,0.44000000000005457,0.2899999999999636,-0,NA,-0,NA
2025-09-06,2,22.3,23.1,NA,NA,-0.8000000000000007,NA,0,0,2025-09-05T17:00:00Z,2043.68,620.48,0.4500000000000455,0.12000000000000455,-0,NA,-0,NA
2025-09-06,3,22.3,23.1,NA,NA,-0.8000000000000007,NA,0,0,2025-09-05T18:00:00Z,2044.13,620.6,0.4500000000000455,0.12000000000000455,-0,NA,-0,NA
2025-09-06,4,21.9,22.6,NA,NA,-0.7000000000000028,NA,0,0,2025-09-05T19:00:00Z,2044.57,620.72,0.4399999999998272,0.12000000000000455,-0,NA,-0,NA
2025-09-06,5,21.5,22.2,NA,NA,-0.6999999999999993,NA,0,0,2025-09-05T20:00:00Z,2045.02,620.84,0.4500000000000455,0.12000000000000455,-0,NA,-0,NA
2025-09-06,6,14.7,11.9,NA,NA,2.799999999999999,NA,4.1,2.7,2025-09-05T21:00:00Z,2045.67,621.06,0.650000000000091,0.2199999999999136,0.75,NA,1.15,NA
2025-09-06,7,12.8,10.2,NA,NA,2.6000000000000014,NA,6.5,7.1,2025-09-05T22:00:00Z,2046.4,621.6,0.7300000000000182,0.5400000000000773,1.11,NA,1.52,NA
2025-09-06,8,13.3,10.1,NA,NA,3.200000000000001,NA,7.7,7.9,2025-09-05T23:00:00Z,2047.44,622.1,1.0399999999999636,0.5,1.61,NA,1.55,NA
2025-09-06,9,13.3,10.2,NA,NA,3.1000000000000014,NA,9,7.9,2025-09-06T00:00:00Z,2048.59,622.58,1.150000000000091,0.4800000000000182,1.83,NA,1.59,NA
2025-09-06,10,13.2,10.1,NA,NA,3.0999999999999996,NA,9,7.9,2025-09-06T01:00:00Z,2049.81,623.06,1.2199999999998,0.4799999999999045,1.83,NA,1.5,NA
2025-09-06,11,13.2,10.1,NA,NA,3.0999999999999996,NA,8.9,7.9,2025-09-06T02:00:00Z,2051.01,623.54,1.2000000000002728,0.4800000000000182,1.81,NA,1.51,NA
2025-09-06,12,13.3,10.3,NA,NA,3,NA,9,7.9,2025-09-06T03:00:00Z,2052.2,624.03,1.1899999999995998,0.4900000000000091,1.77,NA,1.49,NA
2025-09-06,13,13.3,10.2,NA,NA,3.1000000000000014,NA,9,7.9,2025-09-06T04:00:00Z,2053.41,624.52,1.2100000000000364,0.4900000000000091,1.83,NA,1.51,NA
2025-09-06,14,13.2,10.1,NA,NA,3.0999999999999996,NA,9,8,2025-09-06T05:00:00Z,2054.52,625,1.1100000000001273,0.4800000000000182,1.83,NA,1.65,NA
2025-09-06,15,13.4,10.5,NA,NA,2.9000000000000004,NA,9,8,2025-09-06T06:00:00Z,2055.52,625.48,1,0.4800000000000182,1.71,NA,1.71,NA
2025-09-06,16,12.9,10,NA,NA,2.9000000000000004,NA,9,7.9,2025-09-06T07:00:00Z,2056.49,625.94,0.9699999999997999,0.4600000000000364,1.71,NA,1.76,NA
2025-09-06,17,11.8,9.4,NA,NA,2.4000000000000004,NA,8,7.5,2025-09-06T08:00:00Z,2057.24,626.34,0.75,0.39999999999997726,1.26,NA,1.68,NA
2025-09-06,18,11.8,9.9,NA,NA,1.9000000000000004,NA,5.3,4,2025-09-06T09:00:00Z,2057.85,626.63,0.6100000000001273,0.2899999999999636,0.66,NA,1.08,NA
2025-09-06,19,11.3,9.4,NA,NA,1.9000000000000004,NA,5.1,3.7,2025-09-06T10:00:00Z,2058.42,626.92,0.5700000000001637,0.2899999999999636,0.63,NA,1.11,NA
2025-09-06,20,15.9,15.5,17.6,19,0.40000000000000036,-1.3999999999999986,0,0.8,2025-09-06T11:00:00Z,2058.95,627.08,0.5299999999997453,0.16000000000008185,0,-0.07,0,-0.44
2025-09-06,21,15.4,14.2,22.2,22.2,1.200000000000001,0,3,0.7,2025-09-06T12:00:00Z,2059.54,627.24,0.5900000000001455,0.15999999999996817,0.24,0,0.41,0
2025-09-06,22,12.7,11.6,15.1,12.7,1.0999999999999996,2.4000000000000004,2.2,3.7,2025-09-06T13:00:00Z,2060.04,627.54,0.5,0.2999999999999545,0.16,0.58,0.32,1.93
2025-09-06,23,19.4,20.3,14,12.4,-0.9000000000000021,1.5999999999999996,0,2.4,2025-09-06T14:00:00Z,2060.53,627.77,0.49000000000023647,0.2300000000000182,-0,0.25,-0,1.09
2025-09-07,0,22.4,23.6,21.2,23.3,-1.2000000000000028,-2.1000000000000014,0,0,2025-09-06T15:00:00Z,2061.02,627.89,0.4899999999997817,0.12000000000000455,-0,-0,-0,-0
2025-09-07,1,23.5,24.5,23.5,24.1,-1,-0.6000000000000014,0,0,2025-09-06T16:00:00Z,2061.52,628.01,0.5,0.12000000000000455,-0,-0,-0,-0
2025-09-07,2,15.2,13.8,23.8,24.1,1.3999999999999986,-0.3000000000000007,3.7,0,2025-09-06T17:00:00Z,2062.06,628.13,0.5399999999999636,0.12000000000000455,0.34,-0,0.63,-0
2025-09-07,3,13.7,12.8,23.3,23.5,0.8999999999999986,-0.1999999999999993,1.5,0,2025-09-06T18:00:00Z,2062.56,628.25,0.5,0.12000000000000455,0.09,-0,0.18,-0
2025-09-07,4,19.1,20.2,18.6,16.8,-1.0999999999999979,1.8000000000000007,0,2,2025-09-06T19:00:00Z,2063.02,628.52,0.4600000000000364,0.2699999999999818,-0,0.24,-0,0.89
2025-09-07,5,21.4,22.5,13.8,12.3,-1.1000000000000014,1.5,0,2.6,2025-09-06T20:00:00Z,2063.47,628.77,0.4499999999998181,0.25,-0,0.26,-0,1.04
2025-09-07,6,15,12.1,16.7,15.6,2.9000000000000004,1.0999999999999996,3.1,2.6,2025-09-06T21:00:00Z,2064.03,629.03,0.5600000000004002,0.2599999999999909,0.59,0.19,1.05,0.73
2025-09-07,7,13.6,10.2,13.7,11.1,3.4000000000000004,2.5999999999999996,5.4,5.2,2025-09-06T22:00:00Z,2064.88,629.44,0.849999999999909,0.41000000000008185,1.2,0.89,1.41,2.17
2025-09-07,8,12.6,9.8,11.9,9.2,2.799999999999999,2.700000000000001,6.5,7.8,2025-09-06T23:00:00Z,2065.76,629.94,0.8800000000001091,0.5,1.19,1.38,1.35,2.76
2025-09-07,9,13.6,10.1,11.9,9.1,3.5,2.8000000000000007,8,7.9,2025-09-07T00:00:00Z,2066.96,630.42,1.199999999999818,0.4799999999999045,1.83,1.45,1.53,3.02
2025-09-07,10,13.3,10,11.9,9,3.3000000000000007,2.9000000000000004,8.8,7.9,2025-09-07T01:00:00Z,2068.25,630.91,1.2899999999999636,0.4900000000000091,1.9,1.5,1.47,3.06
2025-09-07,11,13.3,9.9,12,9.1,3.4000000000000004,2.9000000000000004,8.9,7.9,2025-09-07T02:00:00Z,2069.53,631.4,1.2800000000002,0.4900000000000091,1.98,1.5,1.55,3.06
2025-09-07,12,13.3,10,12,9,3.3000000000000007,3,8.9,7.9,2025-09-07T03:00:00Z,2070.79,631.91,1.2599999999997635,0.5099999999999909,1.92,1.55,1.52,3.04
2025-09-07,13,13.5,10.1,12.1,9,3.4000000000000004,3.0999999999999996,8.9,7.9,2025-09-07T04:00:00Z,2072.04,632.41,1.25,0.5,1.98,1.6,1.58,3.2
2025-09-07,14,13.3,10,12.1,9,3.3000000000000007,3.0999999999999996,8.9,7.9,2025-09-07T05:00:00Z,2073.28,632.92,1.2400000000002365,0.5099999999999909,1.92,1.6,1.55,3.14
2025-09-07,15,13.5,10.4,12.1,9,3.0999999999999996,3.0999999999999996,8.9,7.9,2025-09-07T06:00:00Z,2074.42,633.42,1.1399999999998727,0.5,1.81,1.6,1.59,3.2
2025-09-07,16,13.3,10.4,12,9.1,2.9000000000000004,2.9000000000000004,9,7.9,2025-09-07T07:00:00Z,2075.45,633.9,1.0299999999997453,0.4800000000000182,1.71,1.5,1.66,3.12
2025-09-07,17,12.6,9.8,11.8,9.2,2.799999999999999,2.6000000000000014,8.9,7.8,2025-09-07T08:00:00Z,2076.41,634.35,0.9600000000000364,0.4500000000000455,1.63,1.33,1.7,2.96
2025-09-07,18,11.7,9.6,12.9,11.4,2.0999999999999996,1.5,5.7,4.1,2025-09-07T09:00:00Z,2077.03,634.65,0.6200000000003456,0.2999999999999545,0.78,0.4,1.26,1.33
2025-09-07,19,11.7,9.7,12.9,11.3,2,1.5999999999999996,5.2,3.7,2025-09-07T10:00:00Z,2077.63,634.95,0.599999999999909,0.3000000000000682,0.68,0.39,1.13,1.3
2025-09-07,20,12,9.7,13,11.2,2.3000000000000007,1.8000000000000007,6.5,4,2025-09-07T11:00:00Z,2078.35,635.27,0.7199999999997999,0.31999999999993634,0.98,0.47,1.36,1.47
2025-09-07,21,11.7,9.9,14,12.2,1.799999999999999,1.8000000000000007,5.4,4.1,2025-09-07T12:00:00Z,2078.97,635.57,0.6199999999998909,0.3000000000000682,0.64,0.48,1.03,1.6
2025-09-07,22,18.1,18.5,13.6,10.9,-0.3999999999999986,2.6999999999999993,0,2.9,2025-09-07T13:00:00Z,2079.51,635.85,0.5400000000004184,0.2799999999999727,-0,0.51,-0,1.82
2025-09-07,23,22.7,23.9,13.7,10.9,-1.1999999999999993,2.799999999999999,0,2,2025-09-07T14:00:00Z,2080.03,636.06,0.5199999999999818,0.2099999999999227,-0,0.37,-0,1.76
2025-09-08,0,19.3,18.7,12.1,9.1,0.6000000000000014,3,2.3,0,2025-09-07T15:00:00Z,2080.63,636.18,0.599999999999909,0.12000000000000455,0.09,0,0.15,0
2025-09-08,1,11.2,9.5,12,9,1.6999999999999993,3,3.6,0,2025-09-07T16:00:00Z,2081.16,636.3,0.5299999999997453,0.12000000000000455,0.4,0,0.75,0
2025-09-08,2,17.5,18.1,12,9,-0.6000000000000014,3,0,2.6,2025-09-07T17:00:00Z,2081.65,636.55,0.49000000000023647,0.25,-0,0.51,-0,2.04
2025-09-08,3,22,23.3,12,9,-1.3000000000000007,3,0,3,2025-09-07T18:00:00Z,2082.12,636.85,0.4699999999997999,0.3000000000000682,-0,0.59,-0,1.97
2025-09-08,4,23.3,24.2,12,9,-0.8999999999999986,3,0,1,2025-09-07T19:00:00Z,2082.58,637.02,0.4600000000000364,0.16999999999995907,-0,0.2,-0,1.18
2025-09-08,5,23.3,23.8,12.1,9,-0.5,3.0999999999999996,0,0,2025-09-07T20:00:00Z,2083.03,637.14,0.45000000000027285,0.12000000000000455,-0,0,-0,0
2025-09-08,6,14,10.5,12.1,8.9,3.5,3.1999999999999993,6.4,2.7,2025-09-07T21:00:00Z,2084.05,637.4,1.0199999999999818,0.2599999999999909,1.47,0.57,1.44,2.19
2025-09-08,7,12.9,10,12,9,2.9000000000000004,3,6.5,7.1,2025-09-07T22:00:00Z,2084.96,637.95,0.9099999999998545,0.5500000000000682,1.24,1.4,1.36,2.55
2025-09-08,8,13.7,10.2,12,9,3.5,3,7.6,7.9,2025-09-07T23:00:00Z,2086.33,638.46,1.3699999999998909,0.5099999999999909,1.74,1.55,1.27,3.04
2025-09-08,9,13.9,10.5,11.8,9,3.4000000000000004,2.8000000000000007,8.9,7.9,2025-09-08T00:00:00Z,2087.83,638.97,1.5,0.5099999999999909,1.98,1.45,1.32,2.84
2025-09-08,10,13.8,10.2,11.9,9.9,3.6000000000000014,2,8.8,7.9,2025-09-08T01:00:00Z,2089.6,639.49,1.7699999999999818,0.5199999999999818,2.08,1.04,1.18,2
2025-09-08,11,13.8,10.2,13.8,12,3.6000000000000014,1.8000000000000007,8.8,7.9,2025-09-08T02:00:00Z,2091.38,640.03,1.7800000000002,0.5399999999999636,2.08,0.93,1.17,1.72
2025-09-08,12,13.8,10.4,13.8,12.1,3.4000000000000004,1.700000000000001,8.9,7.8,2025-09-08T03:00:00Z,2093.02,640.56,1.6399999999998727,0.5299999999999727,1.98,0.87,1.21,1.64
2025-09-08,13,13.7,10.3,13.9,12.2,3.3999999999999986,1.700000000000001,8.9,7.8,2025-09-08T04:00:00Z,2094.56,641.09,1.5399999999999636,0.5300000000000864,1.98,0.87,1.29,1.64
2025-09-08,14,13.6,10.2,13.9,11.4,3.4000000000000004,2.5,8.9,7.9,2025-09-08T05:00:00Z,2096.07,641.62,1.5100000000002183,0.5299999999999727,1.98,1.29,1.31,2.43
2025-09-08,15,13.6,10.3,13.5,10.8,3.299999999999999,2.6999999999999993,8.9,7.9,2025-09-08T06:00:00Z,2097.44,642.14,1.3699999999998909,0.5199999999999818,1.92,1.4,1.4,2.69
2025-09-08,16,13.3,10.1,13.5,11.1,3.200000000000001,2.4000000000000004,8.9,7.9,2025-09-08T07:00:00Z,2098.73,642.65,1.2899999999999636,0.5099999999999909,1.87,1.24,1.45,2.43
2025-09-08,17,13,10.2,13.7,11.1,2.8000000000000007,2.5999999999999996,8.9,7.9,2025-09-08T08:00:00Z,2099.77,643.12,1.0399999999999636,0.4700000000000273,1.63,1.35,1.57,2.87
2025-09-08,18,11.8,9.8,13.5,11,2,2.5,7,7.2,2025-09-08T09:00:00Z,2100.48,643.46,0.7100000000000364,0.34000000000003183,0.92,1.18,1.3,3.47
2025-09-08,19,11.9,9.8,13.6,11.1,2.0999999999999996,2.5,5.2,7.3,2025-09-08T10:00:00Z,2101.13,643.8,0.650000000000091,0.33999999999991815,0.72,1.2,1.11,3.53
2025-09-08,20,12.2,9.8,13.6,11,2.3999999999999986,2.5999999999999996,5.8,7.2,2025-09-08T11:00:00Z,2101.83,644.13,0.6999999999998181,0.3300000000000409,0.91,1.23,1.3,3.73
2025-09-08,21,11.7,9.6,NA,NA,2.0999999999999996,NA,7.8,6.5,2025-09-08T12:00:00Z,2102.56,644.45,0.7300000000000182,0.32000000000005,1.07,NA,1.47,NA
2025-09-08,22,13,11.3,NA,NA,1.6999999999999993,NA,3.9,2.7,2025-09-08T13:00:00Z,2103.27,644.72,0.7100000000000364,0.2699999999999818,0.43,NA,0.61,NA
2025-09-08,23,20.5,21.3,NA,NA,-0.8000000000000007,NA,0,3,2025-09-08T14:00:00Z,2103.86,645.01,0.5900000000001455,0.2899999999999636,-0,NA,-0,NA
2025-09-09,0,18.1,17.2,NA,NA,0.9000000000000021,NA,2.3,2.9,2025-09-08T15:00:00Z,2104.55,645.29,0.6900000000000546,0.2799999999999727,0.14,NA,0.2,NA
2025-09-09,1,10.9,9,NA,NA,1.9000000000000004,NA,4.3,2.6,2025-09-08T16:00:00Z,2105.11,645.56,0.5599999999999454,0.2699999999999818,0.54,NA,0.96,NA
2025-09-09,2,14.6,14,NA,NA,0.5999999999999996,NA,1.1,3,2025-09-08T17:00:00Z,2105.72,645.84,0.6099999999996726,0.2800000000000864,0.04,NA,0.07,NA
2025-09-09,3,22,23.2,13.9,8.7,-1.1999999999999993,5.200000000000001,0,2.7,2025-09-08T18:00:00Z,2106.32,646.11,0.6000000000003638,0.2699999999999818,-0,0.92,-0,3.41
2025-09-09,4,17.7,16.7,17.5,18,1,-0.5,2.9,1.3,2025-09-08T19:00:00Z,2106.96,646.29,0.6399999999998727,0.17999999999994998,0.19,-0.04,0.3,-0.22
2025-09-09,5,10.4,8.6,24.8,25.8,1.8000000000000007,-1,4.3,0,2025-09-08T20:00:00Z,2107.51,646.41,0.5500000000001819,0.12000000000000455,0.51,-0,0.93,-0
2025-09-09,6,16.8,10.8,13.6,10.7,6,2.9000000000000004,2.8,6.4,2025-09-08T21:00:00Z,2108.32,646.99,0.8099999999999454,0.5800000000000409,1.1,1.22,1.36,2.1
2025-09-09,7,15.4,10.5,12.1,9.3,4.9,2.799999999999999,4.1,7.9,2025-09-08T22:00:00Z,2109.3,647.49,0.9800000000000182,0.5,1.32,1.45,1.35,2.9
2025-09-09,8,14.1,10.5,12.1,9.3,3.5999999999999996,2.799999999999999,7.1,7.9,2025-09-08T23:00:00Z,2110.59,648,1.2899999999999636,0.5099999999999909,1.67,1.45,1.29,2.84
2025-09-09,9,13.6,10,12,9.3,3.5999999999999996,2.6999999999999993,8.9,8,2025-09-09T00:00:00Z,2112.13,648.5,1.5399999999999636,0.5,2.1,1.42,1.36,2.84
2025-09-09,10,13.8,10.4,12.1,9.3,3.4000000000000004,2.799999999999999,8.9,8,2025-09-09T01:00:00Z,2113.62,649,1.4899999999997817,0.5,1.98,1.47,1.33,2.94
2025-09-09,11,13.8,10.3,12.2,9.3,3.5,2.8999999999999986,8.9,7.9,2025-09-09T02:00:00Z,2115.32,649.51,1.7000000000002728,0.5099999999999909,2.04,1.5,1.2,2.94
2025-09-09,12,13.7,10.1,12.2,9.2,3.5999999999999996,3,8.9,7.9,2025-09-09T03:00:00Z,2116.97,650.03,1.6499999999996362,0.5199999999999818,2.1,1.55,1.27,2.98
2025-09-09,13,13.7,10.3,12.2,9.2,3.3999999999999986,3,9,7.9,2025-09-09T04:00:00Z,2118.46,650.56,1.4900000000002365,0.5299999999999727,2,1.55,1.34,2.92
2025-09-09,14,13.6,10.2,12.3,9.2,3.4000000000000004,3.1000000000000014,8.9,7.9,2025-09-09T05:00:00Z,2119.95,651.08,1.4899999999997817,0.5200000000000955,1.98,1.6,1.33,3.08
2025-09-09,15,13.6,10.4,12.2,9.2,3.1999999999999993,3,9,7.9,2025-09-09T06:00:00Z,2121.26,651.59,1.3100000000004002,0.5099999999999909,1.89,1.55,1.44,3.04
2025-09-09,16,13.3,10.2,12.1,9.2,3.1000000000000014,2.9000000000000004,9,7.9,2025-09-09T07:00:00Z,2122.47,652.07,1.2099999999995816,0.4800000000000182,1.83,1.5,1.51,3.12
2025-09-09,17,13.2,10.4,11.8,9.3,2.799999999999999,2.5,9,7.9,2025-09-09T08:00:00Z,2123.48,652.53,1.0100000000002183,0.4599999999999227,1.65,1.29,1.63,2.8
2025-09-09,18,11.7,9.5,13.1,11.3,2.1999999999999993,1.799999999999999,7,5.9,2025-09-09T09:00:00Z,2124.23,652.88,0.75,0.35000000000002274,1.01,0.7,1.35,2
2025-09-09,19,11.9,9.9,13.8,12,2,1.8000000000000007,5.2,5.9,2025-09-09T10:00:00Z,2124.81,653.21,0.5799999999999272,0.3300000000000409,0.68,0.7,1.17,2.12
2025-09-09,20,12.3,10.1,13.9,12,2.200000000000001,1.9000000000000004,6.1,3.1,2025-09-09T11:00:00Z,2125.52,653.53,0.7100000000000364,0.31999999999993634,0.88,0.39,1.24,1.22
2025-09-09,21,11.6,9.6,13.9,12.2,2,1.700000000000001,7.8,3.4,2025-09-09T12:00:00Z,2126.27,653.85,0.75,0.32000000000005,1.02,0.38,1.36,1.19
2025-09-09,22,12.4,10.6,14.2,12.3,1.8000000000000007,1.8999999999999986,4.4,4.8,2025-09-09T13:00:00Z,2126.93,654.16,0.6599999999998545,0.30999999999994543,0.52,0.6,0.79,1.94
2025-09-09,23,19.8,20.3,13.6,10.9,-0.5,2.6999999999999993,0,3,2025-09-09T14:00:00Z,2127.52,654.44,0.5900000000001455,0.2800000000000864,-0,0.53,-0,1.89
2025-09-10,0,17.9,17.2,18.6,20.4,0.6999999999999993,-1.7999999999999972,2.3,0.4,2025-09-09T15:00:00Z,2128.15,654.6,0.6300000000001091,0.15999999999996817,0.11,-0.05,0.17,-0.31
2025-09-10,1,12,10.5,24.9,25.8,1.5,-0.9000000000000021,4.4,0,2025-09-09T16:00:00Z,2128.55,654.72,0.40000000000009095,0.12000000000000455,0.43,-0,1.07,-0
2025-09-10,2,15.7,15.2,20.3,18.1,0.5,2.1999999999999993,1.1,2.7,2025-09-09T17:00:00Z,2129.1,654.96,0.5499999999997272,0.2400000000000091,0.04,0.39,0.07,1.62
2025-09-10,3,22.4,23.5,16.8,12.3,-1.1000000000000014,4.5,0,2.9,2025-09-09T18:00:00Z,2129.76,655.24,0.6600000000003092,0.2799999999999727,-0,0.86,-0,3.07
2025-09-10,4,17.3,16.2,NA,NA,1.1000000000000014,NA,2.5,2.6,2025-09-09T19:00:00Z,2130.42,655.51,0.6599999999998545,0.2699999999999818,0.18,NA,0.27,NA
2025-09-10,5,11.7,10.1,NA,NA,1.5999999999999996,NA,2.9,2.9,2025-09-09T20:00:00Z,2130.95,655.8,0.5299999999997453,0.2899999999999636,0.3,NA,0.57,NA
2025-09-10,6,16.8,10.9,NA,NA,5.9,NA,2.8,4.3,2025-09-09T21:00:00Z,2131.85,656.1,0.900000000000091,0.3000000000000682,1.08,NA,1.2,NA
2025-09-10,7,15,10.3,12.8,8.9,4.699999999999999,3.9000000000000004,6.4,6.7,2025-09-09T22:00:00Z,2133.24,656.63,1.3899999999998727,0.5299999999999727,1.97,1.71,1.42,3.23
2025-09-10,8,13.8,10.2,12.3,9.3,3.6000000000000014,3,8.9,7.9,2025-09-09T23:00:00Z,2134.68,657.16,1.4400000000000546,0.5299999999999727,2.1,1.55,1.46,2.92
2025-09-10,9,13.8,10.3,12.3,9.3,3.5,3,8.9,8,2025-09-10T00:00:00Z,2136.21,657.67,1.5300000000002,0.5099999999999909,2.04,1.57,1.33,3.08
2025-09-10,10,13.7,10.1,12.3,9.3,3.5999999999999996,3,8.9,7.9,2025-09-10T01:00:00Z,2137.81,658.19,1.599999999999909,0.5200000000000955,2.1,1.55,1.31,2.98
2025-09-10,11,13.8,10.3,12.4,9.3,3.5,3.0999999999999996,9,7.9,2025-09-10T02:00:00Z,2139.37,658.72,1.5599999999999454,0.5299999999999727,2.06,1.6,1.32,3.02
2025-09-10,12,13.8,10.2,12.5,9.3,3.6000000000000014,3.1999999999999993,8.9,7.9,2025-09-10T03:00:00Z,2141.08,659.25,1.7100000000000364,0.5299999999999727,2.1,1.66,1.23,3.13
2025-09-10,13,13.6,9.9,12.5,9.3,3.6999999999999993,3.1999999999999993,8.9,7.9,2025-09-10T04:00:00Z,2142.65,659.78,1.5700000000001637,0.5299999999999727,2.16,1.66,1.38,3.13
2025-09-10,14,13.8,10.5,12.5,9.2,3.3000000000000007,3.3000000000000007,9,7.9,2025-09-10T05:00:00Z,2144.04,660.31,1.3899999999998727,0.5299999999999727,1.95,1.71,1.4,3.23
2025-09-10,15,13.6,10.3,12.4,9.2,3.299999999999999,3.200000000000001,9,7.9,2025-09-10T06:00:00Z,2145.33,660.82,1.2899999999999636,0.5100000000001046,1.95,1.66,1.51,3.25
2025-09-10,16,13.2,10.1,12.1,9.3,3.0999999999999996,2.799999999999999,9,7.9,2025-09-10T07:00:00Z,2146.45,661.3,1.1199999999998909,0.4799999999999045,1.83,1.45,1.63,3.02
2025-09-10,17,13,10.1,12,9.3,2.9000000000000004,2.6999999999999993,9,7.9,2025-09-10T08:00:00Z,2147.45,661.76,1,0.4600000000000364,1.71,1.4,1.71,3.04
2025-09-10,18,11.8,9.7,13.1,11.1,2.1000000000000014,2,7.1,7,2025-09-10T09:00:00Z,2148.17,662.1,0.7200000000002547,0.34000000000003183,0.98,0.92,1.36,2.71
2025-09-10,19,12.2,10,14.2,12.2,2.1999999999999993,2,5.2,7.6,2025-09-10T10:00:00Z,2148.79,662.43,0.6199999999998909,0.32999999999992724,0.75,1,1.21,3.03
2025-09-10,20,12.4,10,13.9,12,2.4000000000000004,1.9000000000000004,6.8,5,2025-09-10T11:00:00Z,2149.6,662.77,0.8099999999999454,0.34000000000003183,1.07,0.62,1.32,1.82
2025-09-10,21,11.9,9.8,17,14.7,2.0999999999999996,2.3000000000000007,7.9,3.3,2025-09-10T12:00:00Z,2150.38,663.1,0.7800000000002001,0.3300000000000409,1.09,0.5,1.4,1.52
2025-09-10,22,12.1,10.3,16.7,14.2,1.799999999999999,2.5,6.6,3.9,2025-09-10T13:00:00Z,2151.07,663.43,0.6900000000000546,0.32999999999992724,0.78,0.64,1.13,1.94
2025-09-10,23,14.8,13.5,11.8,9.2,1.3000000000000007,2.6000000000000014,1.9,3.7,2025-09-10T14:00:00Z,2151.79,663.76,0.7199999999997999,0.3300000000000409,0.16,0.63,0.22,1.91
