hours,Air_hp_kWh,Water_hp_kWh
"2025-08-11 00:00:00",1382.6300,384.2000
"2025-08-11 01:00:00",1383.5400,384.5600
"2025-08-11 02:00:00",1384.7000,384.8900
"2025-08-11 03:00:00",1385.8500,385.2500
"2025-08-11 04:00:00",1387.1100,385.5600
"2025-08-11 05:00:00",1388.0400,385.8600
"2025-08-11 06:00:00",1389.6900,386.3300
"2025-08-11 07:00:00",1391.4100,386.8400
"2025-08-11 08:00:00",1393.1100,387.3100
"2025-08-11 09:00:00",1394.7800,387.6700
"2025-08-11 10:00:00",1396.2700,387.9000
"2025-08-11 11:00:00",1397.9400,388.2900
"2025-08-11 12:00:00",1399.6100,388.7700
"2025-08-11 13:00:00",1401.1700,389.2200
"2025-08-11 14:00:00",1402.5400,389.6600
"2025-08-11 15:00:00",1404.1000,390.1200
"2025-08-11 16:00:00",1405.7500,390.5800
"2025-08-11 17:00:00",1407.1900,391.0100
"2025-08-11 18:00:00",1408.2900,391.1500
"2025-08-11 19:00:00",1409.2300,391.3200
"2025-08-11 20:00:00",1409.9100,391.6100
"2025-08-11 21:00:00",1410.8900,391.8900
"2025-08-11 22:00:00",1411.9300,392.0600
"2025-08-11 23:00:00",1412.8500,392.1900
"2025-08-12 00:00:00",1413.7400,392.3800
"2025-08-12 01:00:00",1414.8200,392.6600
"2025-08-12 02:00:00",1415.8700,393.0500
"2025-08-12 03:00:00",1417.3100,393.3700
"2025-08-12 04:00:00",1418.3700,393.6500
"2025-08-12 05:00:00",1419.3000,393.9400
"2025-08-12 06:00:00",1420.9800,394.5000
"2025-08-12 07:00:00",1422.7400,394.9900
"2025-08-12 08:00:00",1424.5000,395.4400
"2025-08-12 09:00:00",1426.2800,395.8800
"2025-08-12 10:00:00",1428.0700,396.3800
"2025-08-12 11:00:00",1429.8600,396.8600
"2025-08-12 12:00:00",1431.6400,397.3100
"2025-08-12 13:00:00",1433.4300,397.7500
"2025-08-12 14:00:00",1435.2400,398.2200
"2025-08-12 15:00:00",1437.0400,398.6700
"2025-08-12 16:00:00",1438.8500,399.1200
"2025-08-12 17:00:00",1440.5100,399.5000
"2025-08-12 18:00:00",1441.2900,399.7400
"2025-08-12 19:00:00",1442.3600,399.8900
"2025-08-12 20:00:00",1443.3900,400.1800
"2025-08-12 21:00:00",1444.4100,400.4600
"2025-08-12 22:00:00",1445.4400,400.6600
"2025-08-12 23:00:00",1446.4000,400.7800
"2025-08-13 00:00:00",1447.0500,400.9900
"2025-08-13 01:00:00",1447.9600,401.2700
"2025-08-13 02:00:00",1448.9700,401.5500
"2025-08-13 03:00:00",1449.8600,401.6900
"2025-08-13 04:00:00",1450.5000,401.9900
"2025-08-13 05:00:00",1451.3500,402.3100
"2025-08-13 06:00:00",1452.7900,402.8200
"2025-08-13 07:00:00",1454.5400,403.3000
"2025-08-13 08:00:00",1456.3300,403.7700
"2025-08-13 09:00:00",1458.1300,404.2100
"2025-08-13 10:00:00",1459.9500,404.7200
"2025-08-13 11:00:00",1461.7700,405.1900
"2025-08-13 12:00:00",1463.6000,405.6600
"2025-08-13 13:00:00",1465.4500,406.1400
"2025-08-13 14:00:00",1467.2600,406.6100
"2025-08-13 15:00:00",1469.0500,407.0700
"2025-08-13 16:00:00",1470.8300,407.5400
"2025-08-13 17:00:00",1472.5100,407.9200
"2025-08-13 18:00:00",1473.3100,408.1600
"2025-08-13 19:00:00",1474.0600,408.2900
"2025-08-13 20:00:00",1474.7900,408.5000
"2025-08-13 21:00:00",1475.6700,408.7800
"2025-08-13 22:00:00",1476.4800,408.9600
"2025-08-13 23:00:00",1477.4700,409.0800
"2025-08-14 00:00:00",1478.4800,409.2100
"2025-08-14 01:00:00",1479.4900,409.3300
"2025-08-14 02:00:00",1480.5400,409.6400
"2025-08-14 03:00:00",1481.3500,409.8600
"2025-08-14 04:00:00",1482.1800,409.9800
"2025-08-14 05:00:00",1483.0300,410.1000
"2025-08-14 06:00:00",1484.3800,410.3100
"2025-08-14 07:00:00",1485.8800,410.7900
"2025-08-14 08:00:00",1486.9900,411.2800
"2025-08-14 09:00:00",1488.8000,411.7800
"2025-08-14 10:00:00",1490.6500,412.2800
"2025-08-14 11:00:00",1492.5200,412.7700
"2025-08-14 12:00:00",1494.4000,413.2500
"2025-08-14 13:00:00",1496.2800,413.7500
"2025-08-14 14:00:00",1498.1500,414.2500
"2025-08-14 15:00:00",1499.9900,414.7400
"2025-08-14 16:00:00",1501.8000,415.2200
"2025-08-14 17:00:00",1503.5700,415.6900
"2025-08-14 18:00:00",1504.7000,416.0000
"2025-08-14 19:00:00",1505.4600,416.2900
"2025-08-14 20:00:00",1506.2400,416.5800
"2025-08-14 21:00:00",1507.2500,416.9100
"2025-08-14 22:00:00",1508.2400,417.1900
"2025-08-14 23:00:00",1509.0800,417.3800
"2025-08-15 00:00:00",1510.0100,417.5000
"2025-08-15 01:00:00",1510.9600,417.6200
"2025-08-15 02:00:00",1511.8800,417.7500
"2025-08-15 03:00:00",1512.5300,418.0000
"2025-08-15 04:00:00",1513.3700,418.2900
"2025-08-15 05:00:00",1514.2300,418.4300
"2025-08-15 06:00:00",1515.6300,418.6600
"2025-08-15 07:00:00",1517.3400,419.1300
"2025-08-15 08:00:00",1519.0600,419.6200
"2025-08-15 09:00:00",1520.5900,420.1200
"2025-08-15 10:00:00",1522.2300,420.6200
"2025-08-15 11:00:00",1523.6400,421.1200
"2025-08-15 12:00:00",1525.0300,421.6200
"2025-08-15 13:00:00",1526.3600,422.1200
"2025-08-15 14:00:00",1527.3600,422.5900
"2025-08-15 15:00:00",1528.3600,423.0400
"2025-08-15 16:00:00",1529.3900,423.5000
"2025-08-15 17:00:00",1530.3000,423.9300
"2025-08-15 18:00:00",1530.8900,424.2200
"2025-08-15 19:00:00",1531.4600,424.3900
"2025-08-15 20:00:00",1532.1100,424.6200
"2025-08-15 21:00:00",1532.6900,424.9100
"2025-08-15 22:00:00",1533.2400,425.1300
"2025-08-15 23:00:00",1533.7900,425.2500
"2025-08-16 00:00:00",1534.3900,425.3700
"2025-08-16 01:00:00",1534.9200,425.6500
"2025-08-16 02:00:00",1535.4400,425.9400
"2025-08-16 03:00:00",1535.9500,426.1200
"2025-08-16 04:00:00",1536.5000,426.2400
"2025-08-16 05:00:00",1536.9800,426.4500
"2025-08-16 06:00:00",1537.7500,426.9800
"2025-08-16 07:00:00",1539.0100,427.4800
"2025-08-16 08:00:00",1540.3600,427.9800
"2025-08-16 09:00:00",1541.6800,428.4700
"2025-08-16 10:00:00",1543.0800,428.9700
"2025-08-16 11:00:00",1544.5700,429.4800
"2025-08-16 12:00:00",1545.9200,429.9800
"2025-08-16 13:00:00",1547.3100,430.4800
"2025-08-16 14:00:00",1548.6100,430.9800
"2025-08-16 15:00:00",1549.9400,431.4800
"2025-08-16 16:00:00",1551.1300,431.9700
"2025-08-16 17:00:00",1552.1500,432.4400
"2025-08-16 18:00:00",1552.8100,432.7700
"2025-08-16 19:00:00",1553.4400,433.0600
"2025-08-16 20:00:00",1554.1700,433.3800
"2025-08-16 21:00:00",1554.9200,433.7300
"2025-08-16 22:00:00",1555.5700,434.0600
"2025-08-16 23:00:00",1556.1500,434.3600
"2025-08-17 00:00:00",1556.7600,434.5300
"2025-08-17 01:00:00",1557.1700,434.6500
"2025-08-17 02:00:00",1557.7400,434.8400
"2025-08-17 03:00:00",1558.2800,435.1300
"2025-08-17 04:00:00",1558.8900,435.4000
"2025-08-17 05:00:00",1559.3400,435.5700
"2025-08-17 06:00:00",1560.1300,435.8000
"2025-08-17 07:00:00",1561.0200,436.2900
"2025-08-17 08:00:00",1562.4200,436.8200
"2025-08-17 09:00:00",1563.9500,437.3400
"2025-08-17 10:00:00",1565.4900,437.8600
"2025-08-17 11:00:00",1567.1200,438.3900
"2025-08-17 12:00:00",1568.8700,438.9200
"2025-08-17 13:00:00",1570.4900,439.4500
"2025-08-17 14:00:00",1572.0300,439.9800
"2025-08-17 15:00:00",1573.5400,440.5200
"2025-08-17 16:00:00",1574.9400,441.0300
"2025-08-17 17:00:00",1576.1500,441.5100
"2025-08-17 18:00:00",1577.0300,441.8700
"2025-08-17 19:00:00",1577.7100,442.2200
"2025-08-17 20:00:00",1578.3600,442.5600
"2025-08-17 21:00:00",1579.2400,442.9100
"2025-08-17 22:00:00",1579.9600,443.2300
"2025-08-17 23:00:00",1580.5700,443.5600
"2025-08-18 00:00:00",1581.2400,443.8800
"2025-08-18 01:00:00",1581.6700,444.0600
"2025-08-18 02:00:00",1582.1800,444.1800
"2025-08-18 03:00:00",1582.7200,444.3400
"2025-08-18 04:00:00",1583.2700,444.6300
"2025-08-18 05:00:00",1583.7100,444.9100
"2025-08-18 06:00:00",1584.7200,445.3500
"2025-08-18 07:00:00",1585.7600,445.8700
"2025-08-18 08:00:00",1587.5500,446.3900
"2025-08-18 09:00:00",1589.5500,446.9100
"2025-08-18 10:00:00",1591.6800,447.4400
"2025-08-18 11:00:00",1593.6900,447.9700
"2025-08-18 12:00:00",1595.7200,448.5100
"2025-08-18 13:00:00",1597.6800,449.0500
"2025-08-18 14:00:00",1599.5600,449.5800
"2025-08-18 15:00:00",1601.1700,450.1000
"2025-08-18 16:00:00",1602.6100,450.6000
"2025-08-18 17:00:00",1603.8400,451.0700
"2025-08-18 18:00:00",1604.7300,451.4300
"2025-08-18 19:00:00",1605.4000,451.7900
"2025-08-18 20:00:00",1606.0600,452.1200
"2025-08-18 21:00:00",1606.8500,452.4500
"2025-08-18 22:00:00",1607.4700,452.7700
"2025-08-18 23:00:00",1608.0500,452.9800
"2025-08-19 00:00:00",1608.5700,453.1100
"2025-08-19 01:00:00",1609.1500,453.2300
"2025-08-19 02:00:00",1609.6900,453.5300
"2025-08-19 03:00:00",1610.1900,453.8100
"2025-08-19 04:00:00",1610.6700,454.0000
"2025-08-19 05:00:00",1611.2000,454.1200
"2025-08-19 06:00:00",1612.1700,454.4700
"2025-08-19 07:00:00",1613.1900,455.0000
"2025-08-19 08:00:00",1614.7100,455.5100
"2025-08-19 09:00:00",1616.1900,456.0100
"2025-08-19 10:00:00",1617.6800,456.5200
"2025-08-19 11:00:00",1619.3200,457.0400
"2025-08-19 12:00:00",1620.9700,457.5700
"2025-08-19 13:00:00",1622.7800,458.1000
"2025-08-19 14:00:00",1624.5000,458.6300
"2025-08-19 15:00:00",1626.0100,459.1600
"2025-08-19 16:00:00",1627.3800,459.6600
"2025-08-19 17:00:00",1628.5400,460.1400
"2025-08-19 18:00:00",1629.2900,460.4900
"2025-08-19 19:00:00",1629.9600,460.8400
"2025-08-19 20:00:00",1630.6600,461.1900
"2025-08-19 21:00:00",1631.4900,461.5100
"2025-08-19 22:00:00",1632.1600,461.8500
"2025-08-19 23:00:00",1632.7400,462.1400
"2025-08-20 00:00:00",1633.3300,462.4400
"2025-08-20 01:00:00",1633.8100,462.6700
"2025-08-20 02:00:00",1634.4000,462.9500
"2025-08-20 03:00:00",1634.9000,463.2200
"2025-08-20 04:00:00",1635.4500,463.3400
"2025-08-20 05:00:00",1635.8700,463.4700
"2025-08-20 06:00:00",1636.7500,463.8700
"2025-08-20 07:00:00",1637.8300,464.3100
"2025-08-20 08:00:00",1638.9800,464.8100
"2025-08-20 09:00:00",1640.6900,465.3300
"2025-08-20 10:00:00",1642.4100,465.8600
"2025-08-20 11:00:00",1644.1300,466.3900
"2025-08-20 12:00:00",1645.8100,466.9200
"2025-08-20 13:00:00",1647.4200,467.4500
"2025-08-20 14:00:00",1649.0500,467.9800
"2025-08-20 15:00:00",1650.5300,468.5100
"2025-08-20 16:00:00",1651.8100,469.0000
"2025-08-20 17:00:00",1652.9400,469.4700
"2025-08-20 18:00:00",1653.6400,469.7800
"2025-08-20 19:00:00",1654.3100,470.0800
"2025-08-20 20:00:00",1655.1000,470.4000
"2025-08-20 21:00:00",1655.7700,470.7400
"2025-08-20 22:00:00",1656.4000,471.0700
"2025-08-20 23:00:00",1656.9900,471.3700
"2025-08-21 00:00:00",1657.6600,471.5000
"2025-08-21 01:00:00",1658.2700,471.6200
"2025-08-21 02:00:00",1658.7700,471.8900
"2025-08-21 03:00:00",1659.2700,472.1800
"2025-08-21 04:00:00",1659.7700,472.3600
"2025-08-21 05:00:00",1660.2900,472.4800
"2025-08-21 06:00:00",1661.3200,472.8400
"2025-08-21 07:00:00",1662.6000,473.3700
"2025-08-21 08:00:00",1664.4000,473.8900
"2025-08-21 09:00:00",1666.2900,474.4200
"2025-08-21 10:00:00",1668.2600,474.9500
"2025-08-21 11:00:00",1670.2500,475.4800
"2025-08-21 12:00:00",1672.2500,476.0100
"2025-08-21 13:00:00",1674.1500,476.5500
"2025-08-21 14:00:00",1675.8000,477.0800
"2025-08-21 15:00:00",1677.1000,477.5600
"2025-08-21 16:00:00",1678.3800,478.0500
"2025-08-21 17:00:00",1679.5700,478.5700
"2025-08-21 18:00:00",1680.3400,478.9800
"2025-08-21 19:00:00",1681.0200,479.3500
"2025-08-21 20:00:00",1681.7500,479.7500
"2025-08-21 21:00:00",1682.4900,480.1200
"2025-08-21 22:00:00",1683.0800,480.4500
"2025-08-21 23:00:00",1683.6500,480.6600
"2025-08-22 00:00:00",1684.2600,480.8500
"2025-08-22 01:00:00",1684.6700,481.1400
"2025-08-22 02:00:00",1685.2200,481.4400
"2025-08-22 03:00:00",1685.7600,481.7000
"2025-08-22 04:00:00",1686.3600,481.8200
"2025-08-22 05:00:00",1687.0100,481.9400
"2025-08-22 06:00:00",1687.8500,482.3700
"2025-08-22 07:00:00",1688.8400,482.9400
"2025-08-22 08:00:00",1690.4600,483.5000
"2025-08-22 09:00:00",1692.2200,484.0700
"2025-08-22 10:00:00",1693.9100,484.6300
"2025-08-22 11:00:00",1695.8500,485.2000
"2025-08-22 12:00:00",1697.7500,485.7700
"2025-08-22 13:00:00",1699.5100,486.3400
"2025-08-22 14:00:00",1701.0600,486.9100
"2025-08-22 15:00:00",1702.4600,487.4600
"2025-08-22 16:00:00",1703.6100,487.9800
"2025-08-22 17:00:00",1704.6200,488.4800
"2025-08-22 18:00:00",1705.2900,488.8800
"2025-08-22 19:00:00",1705.9000,489.2600
"2025-08-22 20:00:00",1706.7600,489.6300
"2025-08-22 21:00:00",1707.4200,489.9700
"2025-08-22 22:00:00",1708.0100,490.2900
"2025-08-22 23:00:00",1708.6000,490.4600
"2025-08-23 00:00:00",1709.1400,490.7500
"2025-08-23 01:00:00",1709.6900,491.0500
"2025-08-23 02:00:00",1710.2200,491.3400
"2025-08-23 03:00:00",1710.7100,491.6100
"2025-08-23 04:00:00",1711.2600,491.7300
"2025-08-23 05:00:00",1711.7500,491.8600
"2025-08-23 06:00:00",1712.5800,492.2900
"2025-08-23 07:00:00",1713.6300,492.8500
"2025-08-23 08:00:00",1715.1200,493.4000
"2025-08-23 09:00:00",1716.7900,493.9600
"2025-08-23 10:00:00",1718.4700,494.5100
"2025-08-23 11:00:00",1720.3000,495.0800
"2025-08-23 12:00:00",1722.2000,495.6500
"2025-08-23 13:00:00",1724.0000,496.2300
"2025-08-23 14:00:00",1725.7200,496.8000
"2025-08-23 15:00:00",1727.1600,497.3700
"2025-08-23 16:00:00",1728.5200,497.9200
"2025-08-23 17:00:00",1729.7800,498.4500
"2025-08-23 18:00:00",1730.6000,498.8700
"2025-08-23 19:00:00",1731.2800,499.2000
"2025-08-23 20:00:00",1732.0400,499.5400
"2025-08-23 21:00:00",1732.8400,499.8800
"2025-08-23 22:00:00",1733.5000,500.1700
"2025-08-23 23:00:00",1734.1000,500.5000
"2025-08-24 00:00:00",1734.7300,500.8000
"2025-08-24 01:00:00",1735.1800,501.0900
"2025-08-24 02:00:00",1735.7700,501.2500
"2025-08-24 03:00:00",1736.2700,501.3700
"2025-08-24 04:00:00",1736.8300,501.5600
"2025-08-24 05:00:00",1737.3100,501.8500
"2025-08-24 06:00:00",1738.3200,502.1700
"2025-08-24 07:00:00",1739.4300,502.6700
"2025-08-24 08:00:00",1741.1700,503.1900
"2025-08-24 09:00:00",1743.0900,503.7200
"2025-08-24 10:00:00",1745.0500,504.2500
"2025-08-24 11:00:00",1747.0000,504.7800
"2025-08-24 12:00:00",1748.9600,505.3100
"2025-08-24 13:00:00",1750.9300,505.8500
"2025-08-24 14:00:00",1752.7300,506.3900
"2025-08-24 15:00:00",1754.3400,506.9200
"2025-08-24 16:00:00",1755.7300,507.4200
"2025-08-24 17:00:00",1756.8800,507.9000
"2025-08-24 18:00:00",1757.6600,508.2700
"2025-08-24 19:00:00",1758.2700,508.6100
"2025-08-24 20:00:00",1758.8500,508.9400
"2025-08-24 21:00:00",1759.6500,509.2600
"2025-08-24 22:00:00",1760.3300,509.5000
"2025-08-24 23:00:00",1760.9200,509.7300
"2025-08-25 00:00:00",1761.5500,510.0000
"2025-08-25 01:00:00",1762.0600,510.2600
"2025-08-25 02:00:00",1762.6700,510.3900
"2025-08-25 03:00:00",1763.2600,510.5400
"2025-08-25 04:00:00",1763.8900,510.8200
"2025-08-25 05:00:00",1764.4500,511.1000
"2025-08-25 06:00:00",1765.3900,511.5600
"2025-08-25 07:00:00",1766.4500,512.1500
"2025-08-25 08:00:00",1768.0700,512.7500
"2025-08-25 09:00:00",1769.6300,513.3400
"2025-08-25 10:00:00",1771.3500,513.9300
"2025-08-25 11:00:00",1773.2000,514.5400
"2025-08-25 12:00:00",1775.0800,515.1500
"2025-08-25 13:00:00",1776.9900,515.7800
"2025-08-25 14:00:00",1778.6000,516.4000
"2025-08-25 15:00:00",1780.2000,517.0100
"2025-08-25 16:00:00",1781.6000,517.5900
"2025-08-25 17:00:00",1782.7200,518.1300
"2025-08-25 18:00:00",1783.4400,518.5500
"2025-08-25 19:00:00",1784.1000,518.8700
"2025-08-25 20:00:00",1784.9100,519.2800
"2025-08-25 21:00:00",1785.6800,519.7100
"2025-08-25 22:00:00",1786.2800,520.1100
"2025-08-25 23:00:00",1786.8900,520.5000
"2025-08-26 00:00:00",1787.3400,520.8200
"2025-08-26 01:00:00",1787.8900,521.1400
"2025-08-26 02:00:00",1788.4600,521.4700
"2025-08-26 03:00:00",1789.0000,521.7700
"2025-08-26 04:00:00",1789.6000,522.0900
"2025-08-26 05:00:00",1790.1400,522.4200
"2025-08-26 06:00:00",1791.0900,522.9300
"2025-08-26 07:00:00",1792.1500,523.4700
"2025-08-26 08:00:00",1793.5500,524.0900
"2025-08-26 09:00:00",1795.0700,524.7000
"2025-08-26 10:00:00",1796.6400,525.3100
"2025-08-26 11:00:00",1798.3300,525.9300
"2025-08-26 12:00:00",1800.0400,526.5500
"2025-08-26 13:00:00",1801.7800,527.1700
"2025-08-26 14:00:00",1803.3600,527.7900
"2025-08-26 15:00:00",1804.8300,528.3900
"2025-08-26 16:00:00",1806.1500,528.9800
"2025-08-26 17:00:00",1807.2300,529.5400
"2025-08-26 18:00:00",1807.9800,529.9500
"2025-08-26 19:00:00",1808.5900,530.2800
"2025-08-26 20:00:00",1809.2100,530.6300
"2025-08-26 21:00:00",1810.0200,531.0600
"2025-08-26 22:00:00",1810.6800,531.4600
"2025-08-26 23:00:00",1811.2800,531.8600
"2025-08-27 00:00:00",1812.0600,532.2100
"2025-08-27 01:00:00",1812.4800,532.3800
"2025-08-27 02:00:00",1813.0700,532.6100
"2025-08-27 03:00:00",1813.6000,532.9200
"2025-08-27 04:00:00",1814.2400,533.2500
"2025-08-27 05:00:00",1814.8700,533.5700
"2025-08-27 06:00:00",1815.7600,534.0400
"2025-08-27 07:00:00",1816.7700,534.6400
"2025-08-27 08:00:00",1818.4200,535.2300
"2025-08-27 09:00:00",1819.9400,535.8300
"2025-08-27 10:00:00",1821.5400,536.4300
"2025-08-27 11:00:00",1823.2700,537.0300
"2025-08-27 12:00:00",1825.1000,537.6500
"2025-08-27 13:00:00",1826.8300,538.2700
"2025-08-27 14:00:00",1828.3900,538.8800
"2025-08-27 15:00:00",1829.9100,539.4800
"2025-08-27 16:00:00",1831.2400,540.0500
"2025-08-27 17:00:00",1832.4700,540.5900
"2025-08-27 18:00:00",1833.3200,540.9700
"2025-08-27 19:00:00",1834.0300,541.3000
"2025-08-27 20:00:00",1834.8100,541.6300
"2025-08-27 21:00:00",1835.6000,541.9400
"2025-08-27 22:00:00",1836.3000,542.2300
"2025-08-27 23:00:00",1836.9200,542.4900
"2025-08-28 00:00:00",1837.5700,542.7600
"2025-08-28 01:00:00",1838.1300,543.0400
"2025-08-28 02:00:00",1838.7100,543.3100
"2025-08-28 03:00:00",1839.2900,543.4600
"2025-08-28 04:00:00",1839.9100,543.5800
"2025-08-28 05:00:00",1840.4700,543.8000
"2025-08-28 06:00:00",1841.3400,544.2600
"2025-08-28 07:00:00",1842.1700,544.7500
"2025-08-28 08:00:00",1843.7100,545.2400
"2025-08-28 09:00:00",1845.1800,545.7300
"2025-08-28 10:00:00",1846.5200,546.2100
"2025-08-28 11:00:00",1847.8700,546.6900
"2025-08-28 12:00:00",1849.4700,547.1700
"2025-08-28 13:00:00",1850.9900,547.6500
"2025-08-28 14:00:00",1852.3300,548.1100
"2025-08-28 15:00:00",1853.6600,548.5800
"2025-08-28 16:00:00",1854.7200,549.0300
"2025-08-28 17:00:00",1855.8100,549.4700
"2025-08-28 18:00:00",1856.5500,549.7900
"2025-08-28 19:00:00",1857.2600,550.1000
"2025-08-28 20:00:00",1857.9200,550.3900
"2025-08-28 21:00:00",1858.5400,550.6800
"2025-08-28 22:00:00",1859.1600,550.9600
"2025-08-28 23:00:00",1859.7400,551.2400
"2025-08-29 00:00:00",1860.3200,551.5300
"2025-08-29 01:00:00",1860.8900,551.8100
"2025-08-29 02:00:00",1861.4400,552.0800
"2025-08-29 03:00:00",1861.9900,552.3500
"2025-08-29 04:00:00",1862.5400,552.6300
"2025-08-29 05:00:00",1863.0900,552.9100
"2025-08-29 06:00:00",1863.9000,553.3200
"2025-08-29 07:00:00",1864.8400,553.7400
"2025-08-29 08:00:00",1865.8800,554.1600
"2025-08-29 09:00:00",1866.9500,554.5300
"2025-08-29 10:00:00",1867.8900,554.8400
"2025-08-29 11:00:00",1868.9600,555.3100
"2025-08-29 12:00:00",1870.0100,555.8000
"2025-08-29 13:00:00",1871.4200,556.2900
"2025-08-29 14:00:00",1872.7300,556.7800
"2025-08-29 15:00:00",1873.8300,557.2500
"2025-08-29 16:00:00",1874.8600,557.7200
"2025-08-29 17:00:00",1875.8200,558.1700
"2025-08-29 18:00:00",1876.4400,558.4900
"2025-08-29 19:00:00",1877.0300,558.7700
"2025-08-29 20:00:00",1877.8600,559.0900
"2025-08-29 21:00:00",1878.5000,559.3500
"2025-08-29 22:00:00",1879.0900,559.6200
"2025-08-29 23:00:00",1879.6800,559.7700
"2025-08-30 00:00:00",1880.1500,559.8900
"2025-08-30 01:00:00",1880.7400,560.0700
"2025-08-30 02:00:00",1881.2400,560.3500
"2025-08-30 03:00:00",1881.7500,560.6100
"2025-08-30 04:00:00",1882.2900,560.7400
"2025-08-30 05:00:00",1882.8000,560.8600
"2025-08-30 06:00:00",1883.8500,561.2200
"2025-08-30 07:00:00",1884.8600,561.7100
"2025-08-30 08:00:00",1886.4800,562.2100
"2025-08-30 09:00:00",1888.4100,562.7100
"2025-08-30 10:00:00",1890.4200,563.2300
"2025-08-30 11:00:00",1892.3600,563.7500
"2025-08-30 12:00:00",1894.3200,564.2700
"2025-08-30 13:00:00",1896.2200,564.7900
"2025-08-30 14:00:00",1897.9800,565.3100
"2025-08-30 15:00:00",1899.6500,565.8200
"2025-08-30 16:00:00",1901.0700,566.3100
"2025-08-30 17:00:00",1902.2100,566.7800
"2025-08-30 18:00:00",1902.9700,567.1200
"2025-08-30 19:00:00",1903.6600,567.4500
"2025-08-30 20:00:00",1904.4200,567.7700
"2025-08-30 21:00:00",1905.2200,568.1000
"2025-08-30 22:00:00",1905.8700,568.4000
"2025-08-30 23:00:00",1906.4800,568.7000
"2025-08-31 00:00:00",1907.0900,568.9900
"2025-08-31 01:00:00",1907.4800,569.2600
"2025-08-31 02:00:00",1908.0700,569.5300
"2025-08-31 03:00:00",1908.5600,569.6700
"2025-08-31 04:00:00",1909.0900,569.7900
"2025-08-31 05:00:00",1909.7200,569.9800
"2025-08-31 06:00:00",1910.6600,570.3000
"2025-08-31 07:00:00",1911.6700,570.7800
"2025-08-31 08:00:00",1913.3500,571.2700
"2025-08-31 09:00:00",1915.2900,571.7800
"2025-08-31 10:00:00",1917.2800,572.3000
"2025-08-31 11:00:00",1919.2300,572.8200
"2025-08-31 12:00:00",1921.1800,573.3500
"2025-08-31 13:00:00",1923.0300,573.8700
"2025-08-31 14:00:00",1924.6800,574.4000
"2025-08-31 15:00:00",1926.1400,574.9200
"2025-08-31 16:00:00",1927.4400,575.4200
"2025-08-31 17:00:00",1928.5000,575.8900
"2025-08-31 18:00:00",1929.3000,576.2400
"2025-08-31 19:00:00",1929.9400,576.5900
"2025-08-31 20:00:00",1930.6100,576.9200
"2025-08-31 21:00:00",1931.4600,577.2500
"2025-08-31 22:00:00",1932.2700,577.5700
"2025-08-31 23:00:00",1932.9400,577.8800
"2025-09-01 00:00:00",1933.5400,578.1700
"2025-09-01 01:00:00",1934.0800,578.4300
"2025-09-01 02:00:00",1934.4600,578.7000
"2025-09-01 03:00:00",1935.1100,578.9700
"2025-09-01 04:00:00",1935.6500,579.1800
"2025-09-01 05:00:00",1936.2900,579.3000
"2025-09-01 06:00:00",1937.2800,579.6500
"2025-09-01 07:00:00",1938.3000,580.1600
"2025-09-01 08:00:00",1939.7600,580.6600
"2025-09-01 09:00:00",1941.3500,581.1800
"2025-09-01 10:00:00",1943.0100,581.7000
"2025-09-01 11:00:00",1944.7800,582.2300
"2025-09-01 12:00:00",1946.5300,582.7500
"2025-09-01 13:00:00",1948.1900,583.2800
"2025-09-01 14:00:00",1949.7500,583.8000
"2025-09-01 15:00:00",1951.1300,584.3100
"2025-09-01 16:00:00",1952.4300,584.8100
"2025-09-01 17:00:00",1953.4900,585.2800
"2025-09-01 18:00:00",1954.2800,585.6100
"2025-09-01 19:00:00",1954.9500,585.9400
"2025-09-01 20:00:00",1955.6400,586.2700
"2025-09-01 21:00:00",1956.4800,586.5900
"2025-09-01 22:00:00",1957.3200,586.9100
"2025-09-01 23:00:00",1957.9400,587.2100
"2025-09-02 00:00:00",1958.7000,587.5300
"2025-09-02 01:00:00",1959.2500,587.6700
"2025-09-02 02:00:00",1959.8500,587.7900
"2025-09-02 03:00:00",1960.4300,588.0600
"2025-09-02 04:00:00",1961.1100,588.3400
"2025-09-02 05:00:00",1961.5900,588.6100
"2025-09-02 06:00:00",1962.5900,588.9300
"2025-09-02 07:00:00",1963.4500,589.4200
"2025-09-02 08:00:00",1965.1700,589.9300
"2025-09-02 09:00:00",1966.8300,590.4200
"2025-09-02 10:00:00",1968.5200,590.9300
"2025-09-02 11:00:00",1970.1100,591.4000
"2025-09-02 12:00:00",1971.8400,591.9200
"2025-09-02 13:00:00",1973.4800,592.4400
"2025-09-02 14:00:00",1975.0400,592.9900
"2025-09-02 15:00:00",1976.3900,593.3600
"2025-09-02 16:00:00",1977.6800,593.6800
"2025-09-02 17:00:00",1978.7700,593.9700
"2025-09-02 18:00:00",1979.5100,594.2600
"2025-09-02 19:00:00",1980.1700,594.6000
"2025-09-02 20:00:00",1980.9700,594.9600
"2025-09-02 21:00:00",1981.5500,595.3000
"2025-09-02 22:00:00",1982.4000,595.6300
"2025-09-02 23:00:00",1983.0900,595.9600
"2025-09-03 00:00:00",1983.8000,596.2900
"2025-09-03 01:00:00",1984.3400,596.5800
"2025-09-03 02:00:00",1984.8600,596.8800
"2025-09-03 03:00:00",1985.4900,597.1500
"2025-09-03 04:00:00",1986.1600,597.3300
"2025-09-03 05:00:00",1986.7300,597.6200
"2025-09-03 06:00:00",1987.7300,597.9300
"2025-09-03 07:00:00",1989.2700,598.4100
"2025-09-03 08:00:00",1990.9100,598.9300
"2025-09-03 09:00:00",1992.6500,599.4500
"2025-09-03 10:00:00",1994.5400,599.9700
"2025-09-03 11:00:00",1996.2400,600.4900
"2025-09-03 12:00:00",1997.9300,601.0200
"2025-09-03 13:00:00",1999.3300,601.5200
"2025-09-03 14:00:00",2000.6400,602.0200
"2025-09-03 15:00:00",2001.9100,602.4900
"2025-09-03 16:00:00",2003.0400,602.9500
"2025-09-03 17:00:00",2004.1400,603.4000
"2025-09-03 18:00:00",2004.8500,603.7300
"2025-09-03 19:00:00",2005.4800,604.0400
"2025-09-03 20:00:00",2006.3600,604.3600
"2025-09-03 21:00:00",2007.1200,604.6900
"2025-09-03 22:00:00",2007.7400,605.0100
"2025-09-03 23:00:00",2008.3100,605.2700
"2025-09-04 00:00:00",2008.8900,605.4000
"2025-09-04 01:00:00",2009.4300,605.5200
"2025-09-04 02:00:00",2009.9600,605.7200
"2025-09-04 03:00:00",2010.5100,606.0200
"2025-09-04 04:00:00",2011.1500,606.2800
"2025-09-04 05:00:00",2011.6500,606.4200
"2025-09-04 06:00:00",2012.4900,606.6400
"2025-09-04 07:00:00",2013.3600,607.1200
"2025-09-04 08:00:00",2014.5800,607.6200
"2025-09-04 09:00:00",2015.7600,608.1000
"2025-09-04 10:00:00",2016.9100,608.5800
"2025-09-04 11:00:00",2018.0200,609.0500
"2025-09-04 12:00:00",2019.1600,609.5100
"2025-09-04 13:00:00",2020.2800,609.9800
"2025-09-04 14:00:00",2021.2800,610.4300
"2025-09-04 15:00:00",2022.2800,610.8800
"2025-09-04 16:00:00",2023.2000,611.3200
"2025-09-04 17:00:00",2024.0100,611.7300
"2025-09-04 18:00:00",2024.6300,612.0200
"2025-09-04 19:00:00",2025.2700,612.1900
"2025-09-04 20:00:00",2025.7400,612.4700
"2025-09-04 21:00:00",2026.3300,612.7500
"2025-09-04 22:00:00",2026.8300,613.0100
"2025-09-04 23:00:00",2027.4200,613.1600
"2025-09-05 00:00:00",2027.8000,613.2800
"2025-09-05 01:00:00",2028.3500,613.4900
"2025-09-05 02:00:00",2028.8400,613.7800
"2025-09-05 03:00:00",2029.4000,614.0500
"2025-09-05 04:00:00",2029.8500,614.2600
"2025-09-05 05:00:00",2030.3600,614.3800
"2025-09-05 06:00:00",2030.9600,614.8000
"2025-09-05 07:00:00",2031.7400,615.2800
"2025-09-05 08:00:00",2032.6600,615.7300
"2025-09-05 09:00:00",2033.5100,616.1600
"2025-09-05 10:00:00",2034.3200,616.5900
"2025-09-05 11:00:00",2035.2600,617.0400
"2025-09-05 12:00:00",2036.1700,617.4700
"2025-09-05 13:00:00",2036.9100,617.8600
"2025-09-05 14:00:00",2037.5000,618.1700
"2025-09-05 15:00:00",2038.1900,618.4600
"2025-09-05 16:00:00",2038.9200,618.7300
"2025-09-05 17:00:00",2039.4500,619.0300
"2025-09-05 18:00:00",2039.9500,619.2300
"2025-09-05 19:00:00",2040.4200,619.3500
"2025-09-05 20:00:00",2040.8800,619.4700
"2025-09-05 21:00:00",2041.4100,619.5900
"2025-09-05 22:00:00",2041.8900,619.7100
"2025-09-05 23:00:00",2042.3400,619.8400
"2025-09-06 00:00:00",2042.7900,620.0700
"2025-09-06 01:00:00",2043.2300,620.3600
"2025-09-06 02:00:00",2043.6800,620.4800
"2025-09-06 03:00:00",2044.1300,620.6000
"2025-09-06 04:00:00",2044.5700,620.7200
"2025-09-06 05:00:00",2045.0200,620.8400
"2025-09-06 06:00:00",2045.6700,621.0600
"2025-09-06 07:00:00",2046.4000,621.6000
"2025-09-06 08:00:00",2047.4400,622.1000
"2025-09-06 09:00:00",2048.5900,622.5800
"2025-09-06 10:00:00",2049.8100,623.0600
"2025-09-06 11:00:00",2051.0100,623.5400
"2025-09-06 12:00:00",2052.2000,624.0300
"2025-09-06 13:00:00",2053.4100,624.5200
"2025-09-06 14:00:00",2054.5200,625.0000
"2025-09-06 15:00:00",2055.5200,625.4800
"2025-09-06 16:00:00",2056.4900,625.9400
"2025-09-06 17:00:00",2057.2400,626.3400
"2025-09-06 18:00:00",2057.8500,626.6300
"2025-09-06 19:00:00",2058.4200,626.9200
"2025-09-06 20:00:00",2058.9500,627.0800
"2025-09-06 21:00:00",2059.5400,627.2400
"2025-09-06 22:00:00",2060.0400,627.5400
"2025-09-06 23:00:00",2060.5300,627.7700
"2025-09-07 00:00:00",2061.0200,627.8900
"2025-09-07 01:00:00",2061.5200,628.0100
"2025-09-07 02:00:00",2062.0600,628.1300
"2025-09-07 03:00:00",2062.5600,628.2500
"2025-09-07 04:00:00",2063.0200,628.5200
"2025-09-07 05:00:00",2063.4700,628.7700
"2025-09-07 06:00:00",2064.0300,629.0300
"2025-09-07 07:00:00",2064.8800,629.4400
"2025-09-07 08:00:00",2065.7600,629.9400
"2025-09-07 09:00:00",2066.9600,630.4200
"2025-09-07 10:00:00",2068.2500,630.9100
"2025-09-07 11:00:00",2069.5300,631.4000
"2025-09-07 12:00:00",2070.7900,631.9100
"2025-09-07 13:00:00",2072.0400,632.4100
"2025-09-07 14:00:00",2073.2800,632.9200
"2025-09-07 15:00:00",2074.4200,633.4200
"2025-09-07 16:00:00",2075.4500,633.9000
"2025-09-07 17:00:00",2076.4100,634.3500
"2025-09-07 18:00:00",2077.0300,634.6500
"2025-09-07 19:00:00",2077.6300,634.9500
"2025-09-07 20:00:00",2078.3500,635.2700
"2025-09-07 21:00:00",2078.9700,635.5700
"2025-09-07 22:00:00",2079.5100,635.8500
"2025-09-07 23:00:00",2080.0300,636.0600
"2025-09-08 00:00:00",2080.6300,636.1800
"2025-09-08 01:00:00",2081.1600,636.3000
"2025-09-08 02:00:00",2081.6500,636.5500
"2025-09-08 03:00:00",2082.1200,636.8500
"2025-09-08 04:00:00",2082.5800,637.0200
"2025-09-08 05:00:00",2083.0300,637.1400
"2025-09-08 06:00:00",2084.0500,637.4000
"2025-09-08 07:00:00",2084.9600,637.9500
"2025-09-08 08:00:00",2086.3300,638.4600
"2025-09-08 09:00:00",2087.8300,638.9700
"2025-09-08 10:00:00",2089.6000,639.4900
"2025-09-08 11:00:00",2091.3800,640.0300
"2025-09-08 12:00:00",2093.0200,640.5600
"2025-09-08 13:00:00",2094.5600,641.0900
"2025-09-08 14:00:00",2096.0700,641.6200
"2025-09-08 15:00:00",2097.4400,642.1400
"2025-09-08 16:00:00",2098.7300,642.6500
"2025-09-08 17:00:00",2099.7700,643.1200
"2025-09-08 18:00:00",2100.4800,643.4600
"2025-09-08 19:00:00",2101.1300,643.8000
"2025-09-08 20:00:00",2101.8300,644.1300
"2025-09-08 21:00:00",2102.5600,644.4500
"2025-09-08 22:00:00",2103.2700,644.7200
"2025-09-08 23:00:00",2103.8600,645.0100
"2025-09-09 00:00:00",2104.5500,645.2900
"2025-09-09 01:00:00",2105.1100,645.5600
"2025-09-09 02:00:00",2105.7200,645.8400
"2025-09-09 03:00:00",2106.3200,646.1100
"2025-09-09 04:00:00",2106.9600,646.2900
"2025-09-09 05:00:00",2107.5100,646.4100
"2025-09-09 06:00:00",2108.3200,646.9900
"2025-09-09 07:00:00",2109.3000,647.4900
"2025-09-09 08:00:00",2110.5900,648.0000
"2025-09-09 09:00:00",2112.1300,648.5000
"2025-09-09 10:00:00",2113.6200,649.0000
"2025-09-09 11:00:00",2115.3200,649.5100
"2025-09-09 12:00:00",2116.9700,650.0300
"2025-09-09 13:00:00",2118.4600,650.5600
"2025-09-09 14:00:00",2119.9500,651.0800
"2025-09-09 15:00:00",2121.2600,651.5900
"2025-09-09 16:00:00",2122.4700,652.0700
"2025-09-09 17:00:00",2123.4800,652.5300
"2025-09-09 18:00:00",2124.2300,652.8800
"2025-09-09 19:00:00",2124.8100,653.2100
"2025-09-09 20:00:00",2125.5200,653.5300
"2025-09-09 21:00:00",2126.2700,653.8500
"2025-09-09 22:00:00",2126.9300,654.1600
"2025-09-09 23:00:00",2127.5200,654.4400
"2025-09-10 00:00:00",2128.1500,654.6000
"2025-09-10 01:00:00",2128.5500,654.7200
"2025-09-10 02:00:00",2129.1000,654.9600
"2025-09-10 03:00:00",2129.7600,655.2400
"2025-09-10 04:00:00",2130.4200,655.5100
"2025-09-10 05:00:00",2130.9500,655.8000
"2025-09-10 06:00:00",2131.8500,656.1000
"2025-09-10 07:00:00",2133.2400,656.6300
"2025-09-10 08:00:00",2134.6800,657.1600
"2025-09-10 09:00:00",2136.2100,657.6700
"2025-09-10 10:00:00",2137.8100,658.1900
"2025-09-10 11:00:00",2139.3700,658.7200
"2025-09-10 12:00:00",2141.0800,659.2500
"2025-09-10 13:00:00",2142.6500,659.7800
"2025-09-10 14:00:00",2144.0400,660.3100
"2025-09-10 15:00:00",2145.3300,660.8200
"2025-09-10 16:00:00",2146.4500,661.3000
"2025-09-10 17:00:00",2147.4500,661.7600
"2025-09-10 18:00:00",2148.1700,662.1000
"2025-09-10 19:00:00",2148.7900,662.4300
"2025-09-10 20:00:00",2149.6000,662.7700
"2025-09-10 21:00:00",2150.3800,663.1000
"2025-09-10 22:00:00",2151.0700,663.4300
"2025-09-10 23:00:00",2151.7900,663.7600
